day,index,rho,error,msa,region,yindex,rho_ci_low,rho_ci_high,err_ci_low,err_ci_high,nblock_median,lag_median,n_boot_used,keep_ratio,B,n_fail
2020-02-10,exp,0.435931108344075,123.669574523038,Dallas,msa,2,0.447336710481116,0.456311411546115,114.906569286525,129.452235697959,3715,35,100,0.9,100,0
2020-02-10,homo,0.000204281745042237,163.805008958839,Dallas,msa,2,0.000244971852252939,0.000244971852252939,159.775739214678,166.818162430614,3715,35,100,0.9,100,0
2020-02-10,power,79.9999508083439,1343.25340062401,Dallas,msa,2,64.7214332302896,79.9999508083439,1141.9074053947,1244.70698417102,3715,35,100,0.9,100,0
2020-02-11,exp,0.433123125893789,123.665479416361,Dallas,msa,2,0.443827821558667,0.452992904247352,116.136394154856,129.040131273522,3715,35,100,0.9,100,0
2020-02-11,homo,0.000204281745042237,160.207907479697,Dallas,msa,2,0.000244971852252939,0.000244971852252939,155.940450343167,163.5612348415,3715,35,100,0.9,100,0
2020-02-11,power,79.9999508083439,1296.66328179195,Dallas,msa,2,71.9787290798654,79.9999508083439,1106.69005202741,1205.17832266908,3715,35,100,0.9,100,0
2020-02-12,exp,0.434900983085092,123.71476202318,Dallas,msa,2,0.446020879807697,0.455129486759921,115.606762137514,129.20106837367,3715,35,100,0.9,100,0
2020-02-12,homo,0.000204281745042237,163.065220898532,Dallas,msa,2,0.000244971852252939,0.000244971852252939,159.176212775009,166.270858941608,3715,35,100,0.9,100,0
2020-02-12,power,79.9999508083439,1309.52030827343,Dallas,msa,2,64.7214332302896,79.9999508083439,1118.07671727215,1215.39829002383,3715,35,100,0.9,100,0
2020-02-13,exp,0.435562801547431,128.196629996818,Dallas,msa,2,0.446808519129611,0.455936035562731,119.478681618194,134.025943309787,3715,35,100,0.9,100,0
2020-02-13,homo,0.000204281745042237,170.642297963852,Dallas,msa,2,0.000244971852252939,0.000244971852252939,166.481498642018,173.937955095837,3715,35,100,0.9,100,0
2020-02-13,power,79.9999508083439,1364.10035235603,Dallas,msa,2,64.7214332302896,79.9999508083439,1163.11365799817,1266.74682757617,3715,35,100,0.9,100,0
2020-02-14,exp,0.436160374196256,135.749508417884,Dallas,msa,2,0.447567490575642,0.457202383709593,124.773152143536,142.007242207012,3715,35,100,0.9,100,0
2020-02-14,homo,0.000204281745042237,181.074861957422,Dallas,msa,2,0.000244971852252939,0.000244971852252939,176.881707264123,184.361441103607,3715,35,100,0.9,100,0
2020-02-14,power,79.9999508083439,1457.09569244813,Dallas,msa,2,64.7214332302896,79.9999508083439,1228.5228766091,1351.01251409594,3715,35,100,0.9,100,0
2020-02-15,exp,0.435168655744476,125.871019324844,Dallas,msa,2,0.446439420479564,0.455729172334683,117.1504639717,131.691813201499,3715,35,100,0.9,100,0
2020-02-15,homo,0.000204281745042237,166.697388717529,Dallas,msa,2,0.000244971852252939,0.000244971852252939,162.783939574746,169.877416372297,3715,35,100,0.9,100,0
2020-02-15,power,79.9999508083439,1327.35908233534,Dallas,msa,2,79.9999508083439,79.9999508083439,1129.46151287601,1231.255817683,3715,35,100,0.9,100,0
2020-02-16,exp,0.434971589685422,115.606340940231,Dallas,msa,2,0.446114300294601,0.454730438410697,108.558853570514,120.75060218949,3715,35,100,0.9,100,0
2020-02-16,homo,0.000204281745042237,154.153282706532,Dallas,msa,2,0.000244971852252939,0.000244971852252939,150.625353665758,157.14102897354,3715,35,100,0.9,100,0
2020-02-16,power,79.9999508083439,1226.04393197515,Dallas,msa,2,79.9999508083439,79.9999508083439,1047.4022222225,1137.82704771976,3715,35,100,0.9,100,0
2020-03-30,exp,0.434128163203187,76.3318002669136,Dallas,msa,2,0.445397462542899,0.454205818205746,71.4589749683566,79.6864435242838,3715,35,100,0.9,100,0
2020-03-30,homo,0.000204281745042237,101.463203060487,Dallas,msa,2,0.000244971852252939,0.000244971852252939,99.2217357390733,103.616486919669,3715,35,100,0.9,100,0
2020-03-30,power,79.9999508083439,817.90233345805,Dallas,msa,2,64.7214332302896,79.9999508083439,698.462528849616,756.363193552965,3715,35,100,0.9,100,0
2020-03-31,exp,0.434548479298981,78.4184199633112,Dallas,msa,2,0.445827328790668,0.45455391610127,73.613922566157,81.8581203766857,3715,35,100,0.9,100,0
2020-03-31,homo,0.000204281745042237,104.849770465598,Dallas,msa,2,0.000244971852252939,0.000244971852252939,102.62892962356,107.0352115888,3715,35,100,0.9,100,0
2020-03-31,power,79.9999508083439,841.475052736872,Dallas,msa,2,64.7214332302896,79.9999508083439,719.441315634276,778.6984385151,3715,35,100,0.9,100,0
2020-04-01,exp,0.434595055895712,91.4209555577638,Dallas,msa,2,0.446053666718357,0.455067421477591,85.8812969220067,95.5059079841877,3715,35,100,0.9,100,0
2020-04-01,homo,0.000204281745042237,118.787867371015,Dallas,msa,2,0.000244971852252939,0.000244971852252939,115.945374708294,121.189980919565,3715,35,100,0.9,100,0
2020-04-01,power,79.9999508083439,950.926792729952,Dallas,msa,2,64.7214332302896,79.9999508083439,810.626568281681,879.670825188345,3715,35,100,0.9,100,0
2020-04-02,exp,0.433685744432769,93.0915734759556,Dallas,msa,2,0.445088232664594,0.454112494282502,88.0688904451462,97.2286974328004,3715,35,100,0.9,100,0
2020-04-02,homo,0.000204281745042237,119.231050827777,Dallas,msa,2,0.000244971852252939,0.000244971852252939,116.013473763633,121.739972938528,3715,35,100,0.9,100,0
2020-04-02,power,79.9999508083439,940.620291942212,Dallas,msa,2,64.7214332302896,79.9999508083439,805.211378125615,870.570040877521,3715,35,100,0.9,100,0
2020-04-03,exp,0.433893441670092,93.4253474578649,Dallas,msa,2,0.445326859128809,0.454288727503631,87.9789822427667,97.6021101805745,3715,35,100,0.9,100,0
2020-04-03,homo,0.000204281745042237,119.940518847118,Dallas,msa,2,0.000244971852252939,0.000244971852252939,116.77516115863,122.411524833851,3715,35,100,0.9,100,0
2020-04-03,power,79.9999508083439,955.275954061786,Dallas,msa,2,64.7214332302896,79.9999508083439,816.147421870296,885.026475759719,3715,35,100,0.9,100,0
2020-04-04,exp,0.433045434189529,85.7850005895162,Dallas,msa,2,0.444498655659863,0.452718627983971,81.7180292003261,89.4943541174772,3715,35,100,0.9,100,0
2020-04-04,homo,0.000204281745042237,110.20519414625,Dallas,msa,2,0.000244971852252939,0.000244971852252939,107.653438139238,112.63575483719,3715,35,100,0.9,100,0
2020-04-04,power,79.9999508083439,866.926510681135,Dallas,msa,2,64.7214332302896,79.9999508083439,746.089481685239,802.628659123253,3715,35,100,0.9,100,0
2020-04-05,exp,0.431972707221357,79.5250313324951,Dallas,msa,2,0.443231083042617,0.452350586023163,75.1795595605495,83.0095014569106,3715,35,100,0.9,100,0
2020-04-05,homo,0.000204281745042237,101.248148370274,Dallas,msa,2,0.000244971852252939,0.000244971852252939,98.7715462247766,103.42202155033,3715,35,100,0.9,100,0
2020-04-05,power,79.9999508083439,797.291192949165,Dallas,msa,2,64.7214332302896,79.9999508083439,684.215898550966,738.895488987578,3715,35,100,0.9,100,0
