"day","lag","rho","error","index","county"
2020-02-10,7,0.00195823682806457,87.8282260947651,"homo","51179"
2020-02-11,7,0.00261547586838308,88.5224391921304,"homo","51179"
2020-02-12,7,0.00582597721348566,86.3143438188351,"homo","51179"
2020-02-13,7,0.00478789179589902,90.4507869181603,"homo","51179"
2020-02-14,7,0.00575620249075387,99.7406596335479,"homo","51179"
2020-02-15,7,0.00613657997876783,76.2910092643679,"homo","51179"
2020-02-16,7,0.00669787690920053,73.2061970633214,"homo","51179"
2020-03-30,7,0.00493559610459792,46.3405565025606,"homo","51179"
2020-03-31,7,0.00271136348275482,42.2119075473713,"homo","51179"
2020-04-01,7,0.00532112759842614,39.2074388714486,"homo","51179"
2020-04-02,7,0.00429283964427167,44.2681227234568,"homo","51179"
2020-04-03,7,0.00413633543700712,48.9655937458516,"homo","51179"
2020-04-04,7,0.00454321103426554,49.1401538276204,"homo","51179"
2020-04-05,7,0.00651683873675454,42.7467316559293,"homo","51179"
2020-02-10,7,4.99995881588964,735.577859950118,"power","51179"
2020-02-11,7,4.99995455623493,670.759728731111,"power","51179"
2020-02-12,7,4.99995346702775,627.341713118161,"power","51179"
2020-02-13,7,4.99994975394458,601.652829719444,"power","51179"
2020-02-14,7,4.99994995282381,650.83756124553,"power","51179"
2020-02-15,7,4.99994603753901,458.536500860158,"power","51179"
2020-02-16,7,4.9999489038357,494.101031315362,"power","51179"
2020-03-30,7,4.99994504695309,311.286753588477,"power","51179"
2020-03-31,7,4.99994169296662,290.95363114725,"power","51179"
2020-04-01,7,4.99994449173569,256.854749613327,"power","51179"
2020-04-02,7,4.99994471113031,288.232272946895,"power","51179"
2020-04-03,7,4.99994459600952,309.468838310721,"power","51179"
2020-04-04,7,4.99994869984318,363.638415740185,"power","51179"
2020-04-05,7,4.99994683705313,293.677527755538,"power","51179"
2020-02-10,7,0.309257840214797,84.1206799414277,"exp","51179"
2020-02-11,7,0.365092393048231,80.4594157374722,"exp","51179"
2020-02-12,7,0.397354380748943,76.8120671266634,"exp","51179"
2020-02-13,7,0.407609528651262,76.825019257322,"exp","51179"
2020-02-14,7,0.414346861703248,84.4810264382472,"exp","51179"
2020-02-15,7,0.403263400112079,68.3940790022193,"exp","51179"
2020-02-16,7,0.376583696068649,70.1816624909554,"exp","51179"
2020-03-30,7,0.377276940988905,42.1992407508013,"exp","51179"
2020-03-31,7,0.350897572889058,37.9830043145709,"exp","51179"
2020-04-01,7,0.396081761788238,33.9995281845223,"exp","51179"
2020-04-02,7,0.382139487646019,38.3830320759362,"exp","51179"
2020-04-03,7,0.390235177696019,41.675163892924,"exp","51179"
2020-04-04,7,0.321436073558315,48.6093740936439,"exp","51179"
2020-04-05,7,0.355018902126472,42.1416989524452,"exp","51179"
2020-02-10,11,0.0016060651928438,21.8198402639799,"homo","51510"
2020-02-11,11,0.00164327914875245,21.8179095444978,"homo","51510"
2020-02-12,11,0.00325094875710771,21.1097507536867,"homo","51510"
2020-02-13,11,0.00218981616143756,21.80391696829,"homo","51510"
2020-02-14,11,0.00304489101953731,22.1800225907744,"homo","51510"
2020-02-15,11,0.00155475517054775,20.1262055774544,"homo","51510"
2020-02-16,11,0.00210663967963661,18.5086381747742,"homo","51510"
2020-03-30,11,0.00270646398490046,13.9528539169696,"homo","51510"
2020-03-31,11,0.00189751030631839,14.6432917134188,"homo","51510"
2020-04-01,11,0.00158624471207463,18.4744388756421,"homo","51510"
2020-04-02,11,0.00208251520572996,15.0671601369547,"homo","51510"
2020-04-03,11,0.00215184907142962,13.8130195060815,"homo","51510"
2020-04-04,11,0.00175620846490176,14.0797758833032,"homo","51510"
2020-04-05,11,0.00198963896707126,12.9858577928283,"homo","51510"
2020-02-10,11,4.9999264589993,182.330880327349,"power","51510"
2020-02-11,11,4.99992862514157,183.352554697813,"power","51510"
2020-02-12,11,4.99992715078691,163.032573396429,"power","51510"
2020-02-13,11,4.99992656443476,194.811901461658,"power","51510"
2020-02-14,11,4.99992854338751,180.695955285497,"power","51510"
2020-02-15,11,4.99992576491911,170.003215766173,"power","51510"
2020-02-16,11,4.99992641748392,150.003447843409,"power","51510"
2020-03-30,11,4.99992806416562,135.288998816665,"power","51510"
2020-03-31,11,4.99992604352483,144.021716016533,"power","51510"
2020-04-01,11,4.99992488182153,168.080014993398,"power","51510"
2020-04-02,11,4.99992626177792,128.824476612104,"power","51510"
2020-04-03,11,4.99992749073404,132.931543565741,"power","51510"
2020-04-04,11,4.99992727796008,135.998237137077,"power","51510"
2020-04-05,11,4.99992809048704,134.381620646064,"power","51510"
2020-02-10,11,0.346466159454857,19.3883150759334,"exp","51510"
2020-02-11,11,0.340182471506082,19.6228722830751,"exp","51510"
2020-02-12,11,0.382382383845308,18.5864468528533,"exp","51510"
2020-02-13,11,0.339806734187182,20.1807327261184,"exp","51510"
2020-02-14,11,0.360362414761555,20.8861785981382,"exp","51510"
2020-02-15,11,0.340843861655899,18.2739957441847,"exp","51510"
2020-02-16,11,0.352609423811796,16.5107761740241,"exp","51510"
2020-03-30,11,0.340453115946298,13.4404648940237,"exp","51510"
2020-03-31,11,0.321747453521568,14.114548356031,"exp","51510"
2020-04-01,11,0.301225983695633,18.0134787912647,"exp","51510"
2020-04-02,11,0.345285444855508,13.8394058264376,"exp","51510"
2020-04-03,11,0.342276963739287,12.7265445606216,"exp","51510"
2020-04-04,11,0.332936427899992,12.8445455462735,"exp","51510"
2020-04-05,11,0.327047299074057,12.1284749025893,"exp","51510"
2020-02-10,2,0.0520378503662069,14.9544372633299,"homo","51157"
2020-02-11,2,0.0366892011437201,16.4686262801881,"homo","51157"
2020-02-12,2,0.0627084389169355,13.7905986413299,"homo","51157"
2020-02-13,2,0.0197325961213658,14.3322339029379,"homo","51157"
2020-02-14,2,0.0854262366116441,12.8648913559382,"homo","51157"
2020-02-15,2,0.0676636405025052,9.14324978615904,"homo","51157"
2020-02-16,2,0.177391706535122,4.65989991324508,"homo","51157"
2020-03-30,2,0.0625420602131162,6.1213702203773,"homo","51157"
2020-03-31,2,0.0953919111516914,5.94026764574299,"homo","51157"
2020-04-01,2,0.149792348119792,6.74148044788106,"homo","51157"
2020-04-02,2,0.225161236428668,3.72394714909649,"homo","51157"
2020-04-03,2,0.207676896238187,4.68785384073662,"homo","51157"
2020-04-04,2,0.189047513353787,5.59076370097946,"homo","51157"
2020-04-05,2,0.172345657847411,5.91725655498242,"homo","51157"
2020-02-10,2,4.99995569657923,83.6861972211217,"power","51157"
2020-02-11,2,4.99991875948296,103.090824656747,"power","51157"
2020-02-12,2,4.99992250734948,65.1531570406823,"power","51157"
2020-02-13,2,4.99992760086752,129.735770135422,"power","51157"
2020-02-14,2,4.99991924448226,55.4821929541243,"power","51157"
2020-02-15,2,4.99992757139383,46.4642736726164,"power","51157"
2020-02-16,2,4.99992897759681,22.9500915197673,"power","51157"
2020-03-30,2,4.99993112539502,43.0984957665008,"power","51157"
2020-03-31,2,4.99992550568496,31.1422260045252,"power","51157"
2020-04-01,2,4.99995706196068,31.0425578540871,"power","51157"
2020-04-02,2,4.99994795396251,24.1204787152066,"power","51157"
2020-04-03,2,4.99993785110719,25.1061356765342,"power","51157"
2020-04-04,2,4.99995496734688,27.3812247370245,"power","51157"
2020-04-05,2,4.99992298240844,27.0784082663021,"power","51157"
2020-02-10,2,0.372416047059724,15.0707481341037,"exp","51157"
2020-02-11,2,0.332360664939849,16.5212135453587,"exp","51157"
2020-02-12,2,0.425523613453503,13.4186738022898,"exp","51157"
2020-02-13,2,0.289719420018694,14.1494849779092,"exp","51157"
2020-02-14,2,0.478889553889995,12.5069193666652,"exp","51157"
2020-02-15,2,0.46310610804082,8.50486800573086,"exp","51157"
2020-02-16,2,0.710395737877073,3.56300655831958,"exp","51157"
2020-03-30,2,0.431657516421047,5.7390390339157,"exp","51157"
2020-03-31,2,0.530409520472081,5.26709213497564,"exp","51157"
2020-04-01,2,0.62812474817779,6.55891546519762,"exp","51157"
2020-04-02,2,0.805890425367956,3.8784993014348,"exp","51157"
2020-04-03,2,0.762364905564366,5.00131187013982,"exp","51157"
2020-04-04,2,0.712383879841495,5.77716891648199,"exp","51157"
2020-04-05,2,0.692010339924605,5.9838572907868,"exp","51157"
2020-02-10,18,0.000422252017660612,44.1777998685704,"homo","11001"
2020-02-11,18,0.000337868785191313,44.6761710072668,"homo","11001"
2020-02-12,18,0.000316674417309354,46.6688521070519,"homo","11001"
2020-02-13,18,0.000557411643478742,42.0582867966551,"homo","11001"
2020-02-14,18,0.000520884685264114,42.1997480510436,"homo","11001"
2020-02-15,18,0.000548866911852628,28.3044776247596,"homo","11001"
2020-02-16,18,0.000421427302581629,26.8549245746824,"homo","11001"
2020-03-30,18,0.000485048920363838,17.2023227554211,"homo","11001"
2020-03-31,18,0.000457748005194902,16.962675771452,"homo","11001"
2020-04-01,18,0.000366203429451061,20.5361740940086,"homo","11001"
2020-04-02,18,0.000436022889087245,19.7146506742985,"homo","11001"
2020-04-03,18,0.000579585848176366,19.6860469883169,"homo","11001"
2020-04-04,18,0.00041272634817175,18.0699853952099,"homo","11001"
2020-04-05,18,0.000482911116962144,16.610536337935,"homo","11001"
2020-02-10,18,4.99994918924647,397.879362208923,"power","11001"
2020-02-11,18,4.99994854978206,374.136768404287,"power","11001"
2020-02-12,18,4.99994886812674,399.720905634647,"power","11001"
2020-02-13,18,4.99995014486753,350.394918497488,"power","11001"
2020-02-14,18,4.99994968958546,354.09502063822,"power","11001"
2020-02-15,18,4.99994789190526,256.040857744196,"power","11001"
2020-02-16,18,4.9999460442824,255.190296281573,"power","11001"
2020-03-30,18,4.99994749133711,196.749515654758,"power","11001"
2020-03-31,18,4.99994419452225,199.622917080897,"power","11001"
2020-04-01,18,4.99994401287236,217.501258340035,"power","11001"
2020-04-02,18,4.99994481552607,208.884398585908,"power","11001"
2020-04-03,18,4.99994642353946,197.55904938453,"power","11001"
2020-04-04,18,4.99994431885438,192.518076048148,"power","11001"
2020-04-05,18,4.99994404653003,171.871302704054,"power","11001"
2020-02-10,18,0.360358289048143,38.4192045150205,"exp","11001"
2020-02-11,18,0.371930936512483,36.2368462465752,"exp","11001"
2020-02-12,18,0.360471720961886,39.4886977453327,"exp","11001"
2020-02-13,18,0.383325822549493,33.6942917611568,"exp","11001"
2020-02-14,18,0.374455155781788,35.1732298262734,"exp","11001"
2020-02-15,18,0.367152543897051,23.5637125605695,"exp","11001"
2020-02-16,18,0.343161751744589,23.6956684254188,"exp","11001"
2020-03-30,18,0.318956427766494,15.9194294615448,"exp","11001"
2020-03-31,18,0.305357603181857,16.1685414925111,"exp","11001"
2020-04-01,18,0.312108842310262,19.0808234038905,"exp","11001"
2020-04-02,18,0.316349800723806,18.3899204048708,"exp","11001"
2020-04-03,18,0.337570607877748,17.8750280812887,"exp","11001"
2020-04-04,18,0.318237005622352,16.6579078027159,"exp","11001"
2020-04-05,18,0.330962454611691,15.1289508617667,"exp","11001"
2020-02-10,4,0.0207940917170942,20.3757056637062,"homo","51610"
2020-02-11,4,0.0258794287737985,22.0015497100394,"homo","51610"
2020-02-12,4,0.0517358373836823,19.9229337217202,"homo","51610"
2020-02-13,4,0.0346281746171512,18.4789363145877,"homo","51610"
2020-02-14,4,0.0458000523366167,20.9490742839408,"homo","51610"
2020-02-15,4,0.0492187597859186,15.7914607372145,"homo","51610"
2020-02-16,4,0.0655259784788211,11.2973476668995,"homo","51610"
2020-03-30,4,0.030719806730029,8.24604584931271,"homo","51610"
2020-03-31,4,0.082470610462486,5.1872338312504,"homo","51610"
2020-04-01,4,0.0920700588910968,4.96948982854236,"homo","51610"
2020-04-02,4,0.0344158077242505,7.50522091920506,"homo","51610"
2020-04-03,4,0.0555236476456912,7.83753982198506,"homo","51610"
2020-04-04,4,0.0543668524835014,6.94338925691901,"homo","51610"
2020-04-05,4,0.0677123994011861,6.18437183098969,"homo","51610"
2020-02-10,4,4.99994940939717,94.7754713755556,"power","51610"
2020-02-11,4,4.99992442606829,104.444261167673,"power","51610"
2020-02-12,4,4.99993314611225,77.8343472880071,"power","51610"
2020-02-13,4,4.99994833315523,83.4860716175408,"power","51610"
2020-02-14,4,4.99992891645392,87.4508651683905,"power","51610"
2020-02-15,4,4.99993671555049,71.5166133518129,"power","51610"
2020-02-16,4,4.99993089786625,55.1985509627464,"power","51610"
2020-03-30,4,4.99994400206224,38.5688125446426,"power","51610"
2020-03-31,4,4.99994735891288,35.1174081723823,"power","51610"
2020-04-01,4,4.99994462773676,32.0328348173292,"power","51610"
2020-04-02,4,4.99995801413225,42.6615246249912,"power","51610"
2020-04-03,4,4.99992700101389,39.3016211352131,"power","51610"
2020-04-04,4,4.99994621340497,53.402717601823,"power","51610"
2020-04-05,4,4.99994036663549,31.7013686286122,"power","51610"
2020-02-10,4,0.385347650491688,19.0254659439509,"exp","51610"
2020-02-11,4,0.386770221545651,21.0707882859933,"exp","51610"
2020-02-12,4,0.503362619585977,17.7546100811452,"exp","51610"
2020-02-13,4,0.433387428414262,17.0295218131169,"exp","51610"
2020-02-14,4,0.466489390679844,19.552896682684,"exp","51610"
2020-02-15,4,0.507048735811352,13.4115826132416,"exp","51610"
2020-02-16,4,0.527131223755169,9.89242253968972,"exp","51610"
2020-03-30,4,0.498297933268612,5.91323559380972,"exp","51610"
2020-03-31,4,0.542928662802628,5.16428516593419,"exp","51610"
2020-04-01,4,0.586416314285546,4.70257390071653,"exp","51610"
2020-04-02,4,0.480790839150428,6.11217991135844,"exp","51610"
2020-04-03,4,0.54677921199408,6.07693725639715,"exp","51610"
2020-04-04,4,0.422522039738525,7.42011730605658,"exp","51610"
2020-04-05,4,0.577730073845267,4.4162156004011,"exp","51610"
2020-02-10,3,0.0315321337650814,26.8263558863393,"homo","51113"
2020-02-11,3,0.03068613045163,27.0921242776633,"homo","51113"
2020-02-12,3,0.0190340102025942,27.4401913694728,"homo","51113"
2020-02-13,3,0.00975369883193098,26.5471079809136,"homo","51113"
2020-02-14,3,0.0557153245972567,23.6689755059429,"homo","51113"
2020-02-15,3,0.0659909805821665,18.5009844502241,"homo","51113"
2020-02-16,3,0.056858053249816,17.5848121707831,"homo","51113"
2020-03-30,3,0.0939137123154986,12.875792133644,"homo","51113"
2020-03-31,3,0.0708911807449411,11.0994652140942,"homo","51113"
2020-04-01,3,0.0720867636745949,14.2411168407168,"homo","51113"
2020-04-02,3,0.0538964655948405,16.3669271037342,"homo","51113"
2020-04-03,3,0.03638834236506,19.2940484578255,"homo","51113"
2020-04-04,3,0.0878326508397737,12.2427977360476,"homo","51113"
2020-04-05,3,0.0826131628108745,10.3715295353367,"homo","51113"
2020-02-10,3,4.99992480282605,128.245256347594,"power","51113"
2020-02-11,3,4.99993631943497,164.093586667028,"power","51113"
2020-02-12,3,4.99992622968957,116.261031228459,"power","51113"
2020-02-13,3,4.99992839284881,142.182763468103,"power","51113"
2020-02-14,3,4.9999488530859,107.235569016934,"power","51113"
2020-02-15,3,4.99992953935336,91.3938547363539,"power","51113"
2020-02-16,3,4.99991931065561,76.4276267862302,"power","51113"
2020-03-30,3,4.99994886016946,61.7183804513619,"power","51113"
2020-03-31,3,4.99992682806503,62.7345415218389,"power","51113"
2020-04-01,3,4.99992407746984,70.9542515531238,"power","51113"
2020-04-02,3,4.99993346648146,82.8553214734246,"power","51113"
2020-04-03,3,4.99994883881051,109.332262118935,"power","51113"
2020-04-04,3,4.99995239271566,61.0424800948645,"power","51113"
2020-04-05,3,4.99995800862115,60.6658100869496,"power","51113"
2020-02-10,3,0.367158575387357,25.6808326379658,"exp","51113"
2020-02-11,3,0.312812570521497,27.3794399189011,"exp","51113"
2020-02-12,3,0.385366827991523,24.6874062016705,"exp","51113"
2020-02-13,3,0.332890855364345,24.5681485013675,"exp","51113"
2020-02-14,3,0.411768463251852,23.2710910514454,"exp","51113"
2020-02-15,3,0.430457253611508,18.4149988846167,"exp","51113"
2020-02-16,3,0.468981436816358,15.6078581402827,"exp","51113"
2020-03-30,3,0.526425997127,11.8929430805988,"exp","51113"
2020-03-31,3,0.457538530172866,10.7435659472488,"exp","51113"
2020-04-01,3,0.46420368066986,13.6309534949415,"exp","51113"
2020-04-02,3,0.427165214345688,15.4909616371919,"exp","51113"
2020-04-03,3,0.365179529169268,18.8085278830043,"exp","51113"
2020-04-04,3,0.508253244752556,11.3801872605528,"exp","51113"
2020-04-05,3,0.465721714263645,10.3639914350534,"exp","51113"
2020-02-10,7,0.0050197878839294,93.3426577160919,"homo","24009"
2020-02-11,7,0.000881724518069765,95.7722984637787,"homo","24009"
2020-02-12,7,0.00264817666547439,97.2458915960355,"homo","24009"
2020-02-13,7,0.00408314173238122,97.6825609711614,"homo","24009"
2020-02-14,7,0.00634815946890797,103.987863253912,"homo","24009"
2020-02-15,7,0.00652241960409662,77.8779070001281,"homo","24009"
2020-02-16,7,0.00112541692167059,72.2348962001774,"homo","24009"
2020-03-30,7,0.0015696346109717,54.9345080210972,"homo","24009"
2020-03-31,7,0.00537290593140633,34.0694677692877,"homo","24009"
2020-04-01,7,0.00529366764233014,37.3828041479243,"homo","24009"
2020-04-02,7,0.00621546906542168,39.080562497638,"homo","24009"
2020-04-03,7,0.00467711304863934,45.09694674079,"homo","24009"
2020-04-04,7,0.0071311686845116,43.4559975174376,"homo","24009"
2020-04-05,7,0.00587676534924536,35.8603567515147,"homo","24009"
2020-02-10,7,4.99995689280065,528.18829958204,"power","24009"
2020-02-11,7,4.9999339249193,850.069406938828,"power","24009"
2020-02-12,7,4.99992577760271,640.23013976992,"power","24009"
2020-02-13,7,4.99995857727112,569.895961998507,"power","24009"
2020-02-14,7,4.9999566581734,570.265253635612,"power","24009"
2020-02-15,7,4.99995437681781,444.220765937815,"power","24009"
2020-02-16,7,4.99993689030217,739.187997172595,"power","24009"
2020-03-30,7,4.99993342265786,531.722408445528,"power","24009"
2020-03-31,7,4.99992417803948,264.335797400852,"power","24009"
2020-04-01,7,4.99992244880209,271.698135091213,"power","24009"
2020-04-02,7,4.9999206180301,264.62681772644,"power","24009"
2020-04-03,7,4.999923659671,314.948205368381,"power","24009"
2020-04-04,7,4.99995401160119,275.751659212497,"power","24009"
2020-04-05,7,4.99992424415185,268.481379269145,"power","24009"
2020-02-10,7,0.361749834312093,88.2190042174775,"exp","24009"
2020-02-11,7,0.213800182975197,95.0962262438979,"exp","24009"
2020-02-12,7,0.287457588392576,95.2009826076103,"exp","24009"
2020-02-13,7,0.337827269826354,93.7706896398429,"exp","24009"
2020-02-14,7,0.37861186317427,97.9632676716989,"exp","24009"
2020-02-15,7,0.365749916640103,75.0049564136203,"exp","24009"
2020-02-16,7,0.210040643833188,72.1507442154948,"exp","24009"
2020-03-30,7,0.224098540460252,54.8934332453858,"exp","24009"
2020-03-31,7,0.305304031129168,34.1228501866871,"exp","24009"
2020-04-01,7,0.303926806302677,37.4786678297825,"exp","24009"
2020-04-02,7,0.325503210213255,38.7916514283648,"exp","24009"
2020-04-03,7,0.304791588823949,44.5816194949718,"exp","24009"
2020-04-04,7,0.360080403789268,42.5248213175204,"exp","24009"
2020-04-05,7,0.309777267231576,36.0462316840649,"exp","24009"
2020-02-10,7,0.00143579279583576,64.0149454835671,"homo","51061"
2020-02-11,7,0.00637244652146639,56.4825059395212,"homo","51061"
2020-02-12,7,0.00321737962378614,61.2693474576316,"homo","51061"
2020-02-13,7,0.0010071190837256,60.5639772511925,"homo","51061"
2020-02-14,7,0.00367398099266882,65.9756973836669,"homo","51061"
2020-02-15,7,0.00876556711090302,44.5526040572846,"homo","51061"
2020-02-16,7,0.00840779955784518,42.6955890618987,"homo","51061"
2020-03-30,7,0.00857620467654166,33.7665707097176,"homo","51061"
2020-03-31,7,0.00347564240689406,28.0748582309182,"homo","51061"
2020-04-01,7,0.00634506112572743,30.0643026440861,"homo","51061"
2020-04-02,7,0.0110690090760057,29.1700356447372,"homo","51061"
2020-04-03,7,0.0096408354070686,31.7482834885015,"homo","51061"
2020-04-04,7,0.0151973601600342,30.1874450970011,"homo","51061"
2020-04-05,7,0.0122185847677284,25.3708503282222,"homo","51061"
2020-02-10,7,4.99995582110656,382.893428720439,"power","51061"
2020-02-11,7,4.99995914730248,331.564288995504,"power","51061"
2020-02-12,7,4.99995654903291,352.305331801007,"power","51061"
2020-02-13,7,4.99991959690173,375.518650053137,"power","51061"
2020-02-14,7,4.99991889772876,350.494295125403,"power","51061"
2020-02-15,7,4.99992147858848,266.729014708412,"power","51061"
2020-02-16,7,4.99992131401259,258.751249457372,"power","51061"
2020-03-30,7,4.99992418614932,209.389365744184,"power","51061"
2020-03-31,7,4.99992379489066,183.062149443014,"power","51061"
2020-04-01,7,4.99992476695097,190.441653325313,"power","51061"
2020-04-02,7,4.99992100253386,179.985307239793,"power","51061"
2020-04-03,7,4.99992541814051,201.285214579174,"power","51061"
2020-04-04,7,4.9999198629777,194.580764456125,"power","51061"
2020-04-05,7,4.99992269412291,168.448305318007,"power","51061"
2020-02-10,7,0.364593867920024,55.6886881098266,"exp","51061"
2020-02-11,7,0.420606823821076,47.4706334974074,"exp","51061"
2020-02-12,7,0.401863909154126,50.9642071508229,"exp","51061"
2020-02-13,7,0.335778138901507,53.5950227268852,"exp","51061"
2020-02-14,7,0.417935906817604,52.7938363276962,"exp","51061"
2020-02-15,7,0.417828746997636,38.0153504092919,"exp","51061"
2020-02-16,7,0.428140025326625,34.7849597430539,"exp","51061"
2020-03-30,7,0.398503778360331,28.8160204975654,"exp","51061"
2020-03-31,7,0.372676424025628,23.2748240665894,"exp","51061"
2020-04-01,7,0.395260377216319,25.1171038233989,"exp","51061"
2020-04-02,7,0.427069102490245,24.2496230983362,"exp","51061"
2020-04-03,7,0.415880131861072,26.7331429576991,"exp","51061"
2020-04-04,7,0.443184825779249,25.891610372379,"exp","51061"
2020-04-05,7,0.427467210603543,21.278999021401,"exp","51061"
2020-02-10,11,0.00122971094064658,77.6230192202797,"homo","24021"
2020-02-11,11,0.00100447452645026,74.9541728798561,"homo","24021"
2020-02-12,11,0.000701062290741109,78.1183708210553,"homo","24021"
2020-02-13,11,0.000986256979120348,80.0041894345393,"homo","24021"
2020-02-14,11,0.00108372240662055,91.8656743803809,"homo","24021"
2020-02-15,11,0.000683758199196134,87.53343032702,"homo","24021"
2020-02-16,11,0.00116215619761119,72.3004931586644,"homo","24021"
2020-03-30,11,0.00138464969183166,44.854300212987,"homo","24021"
2020-03-31,11,0.00168133903225047,27.6630962122632,"homo","24021"
2020-04-01,11,0.000856352892676459,32.5142996537195,"homo","24021"
2020-04-02,11,0.00137882176965688,32.4490220817744,"homo","24021"
2020-04-03,11,0.00154611739688547,40.6425832370407,"homo","24021"
2020-04-04,11,0.00104209479068359,40.849662143137,"homo","24021"
2020-04-05,11,0.00129198082223726,31.4560838206745,"homo","24021"
2020-02-10,11,4.99992278604091,498.525475215549,"power","24021"
2020-02-11,11,4.99993432861102,473.742143853651,"power","24021"
2020-02-12,11,4.99992313945223,488.332935475621,"power","24021"
2020-02-13,11,4.99993613486036,502.250985046886,"power","24021"
2020-02-14,11,4.99993475603471,549.768130957266,"power","24021"
2020-02-15,11,4.99995869186227,476.923509806405,"power","24021"
2020-02-16,11,4.99992280658195,447.581821270257,"power","24021"
2020-03-30,11,4.99993074523175,293.50158930893,"power","24021"
2020-03-31,11,4.99992285756851,216.533607027727,"power","24021"
2020-04-01,11,4.99993081115288,241.76993109897,"power","24021"
2020-04-02,11,4.99993325788956,222.497036950038,"power","24021"
2020-04-03,11,4.99993783521941,271.955849954882,"power","24021"
2020-04-04,11,4.99992224182512,259.660505640274,"power","24021"
2020-04-05,11,4.99992804202738,212.004008782949,"power","24021"
2020-02-10,11,0.374451046608012,70.4182202266148,"exp","24021"
2020-02-11,11,0.37832326476932,66.3915060100431,"exp","24021"
2020-02-12,11,0.383895734966226,67.6914283382729,"exp","24021"
2020-02-13,11,0.368780423448706,71.9261817221957,"exp","24021"
2020-02-14,11,0.3820042135348,81.4671331160967,"exp","24021"
2020-02-15,11,0.380600458627892,77.7516511705491,"exp","24021"
2020-02-16,11,0.356908316481203,66.9385268392706,"exp","24021"
2020-03-30,11,0.358705270795074,41.2390432182467,"exp","24021"
2020-03-31,11,0.356669290714599,25.527557333383,"exp","24021"
2020-04-01,11,0.344310093529974,29.068738167286,"exp","24021"
2020-04-02,11,0.382352497753335,27.6698099930592,"exp","24021"
2020-04-03,11,0.359002000894162,37.5164778806186,"exp","24021"
2020-04-04,11,0.341394370308574,38.0133485608618,"exp","24021"
2020-04-05,11,0.361537964031015,28.4389680181833,"exp","24021"
2020-02-10,4,0.017556291626804,15.4859198534485,"homo","51600"
2020-02-11,4,0.0202477241387108,15.5562445590185,"homo","51600"
2020-02-12,4,0.032984976728229,14.8562165375619,"homo","51600"
2020-02-13,4,0.00769985966438598,17.3414946172384,"homo","51600"
2020-02-14,4,0.0302115280636476,14.7274353624203,"homo","51600"
2020-02-15,4,0.00783758093357222,16.9196190576585,"homo","51600"
2020-02-16,4,0.0180102973958473,15.4435492966846,"homo","51600"
2020-03-30,4,0.0207623959890203,10.2302910820956,"homo","51600"
2020-03-31,4,0.0302394174460245,8.10866111087545,"homo","51600"
2020-04-01,4,0.033230325298644,7.59744575328769,"homo","51600"
2020-04-02,4,0.0299086834079397,7.92325512175535,"homo","51600"
2020-04-03,4,0.0197017616060872,9.64220341342832,"homo","51600"
2020-04-04,4,0.013815041427947,10.5075248988969,"homo","51600"
2020-04-05,4,0.0133590516580925,10.9792968079127,"homo","51600"
2020-02-10,4,4.99993349785941,92.7739864094162,"power","51600"
2020-02-11,4,4.99993584979323,100.85184244454,"power","51600"
2020-02-12,4,4.99994103474947,93.5775744505048,"power","51600"
2020-02-13,4,4.99993131010782,132.557448620051,"power","51600"
2020-02-14,4,4.99994400330797,96.7774355522418,"power","51600"
2020-02-15,4,4.99992802776561,129.305984490144,"power","51600"
2020-02-16,4,4.99993354051983,99.5098194788913,"power","51600"
2020-03-30,4,4.99993819510457,71.1070003052873,"power","51600"
2020-03-31,4,4.99993498700696,58.5864448074431,"power","51600"
2020-04-01,4,4.9999403497999,57.2566248194525,"power","51600"
2020-04-02,4,4.99993334588953,57.0802159970322,"power","51600"
2020-04-03,4,4.99993144041768,79.7129696191635,"power","51600"
2020-04-04,4,4.99993608752,76.2981629195314,"power","51600"
2020-04-05,4,4.99992968875347,109.868108567465,"power","51600"
2020-02-10,4,0.426806936614075,13.1920840563111,"exp","51600"
2020-02-11,4,0.412558282725153,14.3171714279278,"exp","51600"
2020-02-12,4,0.458458189787966,14.157355861601,"exp","51600"
2020-02-13,4,0.335136742089451,16.0497499126714,"exp","51600"
2020-02-14,4,0.442932521892393,14.1535554586064,"exp","51600"
2020-02-15,4,0.337028596308922,15.7311003646389,"exp","51600"
2020-02-16,4,0.412844404426595,13.7088114783459,"exp","51600"
2020-03-30,4,0.408873043188965,9.52283030846815,"exp","51600"
2020-03-31,4,0.426456561769075,8.17641531303127,"exp","51600"
2020-04-01,4,0.468738490513879,6.79757230623683,"exp","51600"
2020-04-02,4,0.463066294222314,7.09689283807071,"exp","51600"
2020-04-03,4,0.388792123576346,9.16931295347755,"exp","51600"
2020-04-04,4,0.380533454535258,9.51731586507345,"exp","51600"
2020-04-05,4,0.317044633541165,11.1225467061911,"exp","51600"
2020-02-10,6,0.00486517604167615,72.2083867625722,"homo","54037"
2020-02-11,6,0.0102416238538501,64.547122165072,"homo","54037"
2020-02-12,6,0.0109409043032302,68.9044750169874,"homo","54037"
2020-02-13,6,0.00472690953606719,68.7090528254949,"homo","54037"
2020-02-14,6,0.00643104641889447,74.5654141550304,"homo","54037"
2020-02-15,6,0.0119706798765882,59.8266451227176,"homo","54037"
2020-02-16,6,0.010606964736543,56.8248586914755,"homo","54037"
2020-03-30,6,0.0134905241262616,30.9526945862441,"homo","54037"
2020-03-31,6,0.0127061904271976,30.1669581736409,"homo","54037"
2020-04-01,6,0.0128302819884189,31.2052676132689,"homo","54037"
2020-04-02,6,0.0125087205908691,33.4094931926057,"homo","54037"
2020-04-03,6,0.0133021288749499,38.4743953345814,"homo","54037"
2020-04-04,6,0.0125758103989752,38.9700711853872,"homo","54037"
2020-04-05,6,0.0157341116755932,29.5383555406651,"homo","54037"
2020-02-10,6,4.99992387679706,435.365980997601,"power","54037"
2020-02-11,6,4.99992651910955,385.002362837837,"power","54037"
2020-02-12,6,4.99992589337713,400.848447356233,"power","54037"
2020-02-13,6,4.99992377094766,415.506306959808,"power","54037"
2020-02-14,6,4.99992326654501,419.787577059024,"power","54037"
2020-02-15,6,4.99992886403533,336.436283789185,"power","54037"
2020-02-16,6,4.99992548556857,328.660078677033,"power","54037"
2020-03-30,6,4.99993078046309,205.340946303739,"power","54037"
2020-03-31,6,4.99993073084229,193.031534656347,"power","54037"
2020-04-01,6,4.99992848572078,192.079943383217,"power","54037"
2020-04-02,6,4.99992706477685,201.959154927151,"power","54037"
2020-04-03,6,4.99993126150043,238.104128819055,"power","54037"
2020-04-04,6,4.99992559275934,222.207930440929,"power","54037"
2020-04-05,6,4.99992918185793,186.777411982756,"power","54037"
2020-02-10,6,0.431229014951269,56.82962243779,"exp","54037"
2020-02-11,6,0.447740845681541,49.8931940596785,"exp","54037"
2020-02-12,6,0.452648409384706,52.431039453393,"exp","54037"
2020-02-13,6,0.423118429693837,55.5919433613555,"exp","54037"
2020-02-14,6,0.442792633805094,57.5487180447823,"exp","54037"
2020-02-15,6,0.445434638760749,48.219344399988,"exp","54037"
2020-02-16,6,0.4292178717014,48.4551242520616,"exp","54037"
2020-03-30,6,0.438893686157034,25.0552520887624,"exp","54037"
2020-03-31,6,0.431413151149329,24.9762223911909,"exp","54037"
2020-04-01,6,0.445226892719452,24.1099996025517,"exp","54037"
2020-04-02,6,0.442515013027325,26.3155575771132,"exp","54037"
2020-04-03,6,0.434290785798805,31.9409768972037,"exp","54037"
2020-04-04,6,0.437654965018944,32.0593082680014,"exp","54037"
2020-04-05,6,0.443808744517169,24.1794981098911,"exp","54037"
2020-02-10,16,0.000967635425375794,93.9442778070863,"homo","51153"
2020-02-11,16,0.00114460294985917,91.8119659996269,"homo","51153"
2020-02-12,16,0.00129559723971764,94.3613257988542,"homo","51153"
2020-02-13,16,0.00101646504222495,98.5889488907115,"homo","51153"
2020-02-14,16,0.000969788734885545,114.862857061194,"homo","51153"
2020-02-15,16,0.00107974925473298,107.388284377789,"homo","51153"
2020-02-16,16,0.00100992781980333,95.8981028385914,"homo","51153"
2020-03-30,16,0.00114413620388827,48.5563797152034,"homo","51153"
2020-03-31,16,0.00105593943402391,39.667712279729,"homo","51153"
2020-04-01,16,0.00112016879950892,41.6003721616555,"homo","51153"
2020-04-02,16,0.000676193109308294,46.8563523599261,"homo","51153"
2020-04-03,16,0.00125261594246275,49.4670552781169,"homo","51153"
2020-04-04,16,0.00129166882617717,49.8657818837293,"homo","51153"
2020-04-05,16,0.00134519406988236,40.4420535912928,"homo","51153"
2020-02-10,16,4.99995690110464,566.166961549896,"power","51153"
2020-02-11,16,4.99992242818471,562.440052726691,"power","51153"
2020-02-12,16,4.99992376892016,576.664527541419,"power","51153"
2020-02-13,16,4.99995531582782,581.395416195496,"power","51153"
2020-02-14,16,4.99995534447005,637.580702440343,"power","51153"
2020-02-15,16,4.99995587566308,588.534250320492,"power","51153"
2020-02-16,16,4.99995340583639,533.081097829345,"power","51153"
2020-03-30,16,4.99995436944714,323.270605547729,"power","51153"
2020-03-31,16,4.99995600304635,279.837149236894,"power","51153"
2020-04-01,16,4.99995530879663,286.643170897352,"power","51153"
2020-04-02,16,4.99995355193615,304.441520031576,"power","51153"
2020-04-03,16,4.99995704161423,329.096258760662,"power","51153"
2020-04-04,16,4.99995542294873,347.234533049077,"power","51153"
2020-04-05,16,4.9999550393706,267.706892742785,"power","51153"
2020-02-10,16,0.364538856502896,87.2540369291768,"exp","51153"
2020-02-11,16,0.365172762718994,85.9463296183503,"exp","51153"
2020-02-12,16,0.367452182232225,88.9467165176918,"exp","51153"
2020-02-13,16,0.365963327691164,91.9876263465098,"exp","51153"
2020-02-14,16,0.370149177959819,106.629169069217,"exp","51153"
2020-02-15,16,0.354372202907257,102.352240636222,"exp","51153"
2020-02-16,16,0.355063745411424,90.9209016880611,"exp","51153"
2020-03-30,16,0.346110150915139,45.7731615411391,"exp","51153"
2020-03-31,16,0.333877458686606,37.9274269056981,"exp","51153"
2020-04-01,16,0.347057536706087,39.3468019306629,"exp","51153"
2020-04-02,16,0.347287359660728,42.7270946464475,"exp","51153"
2020-04-03,16,0.347523669868612,47.2173431643529,"exp","51153"
2020-04-04,16,0.324612227699028,49.3206183758041,"exp","51153"
2020-04-05,16,0.359749410136595,38.1020104494331,"exp","51153"
2020-02-10,22,0.000744625658493459,53.7438591837233,"homo","24033"
2020-02-11,22,0.000472940009231012,54.860581290617,"homo","24033"
2020-02-12,22,0.000725501880183976,54.8769298777169,"homo","24033"
2020-02-13,22,0.000518250033057103,55.2945840961541,"homo","24033"
2020-02-14,22,0.000833979521619901,59.7530508800102,"homo","24033"
2020-02-15,22,0.000655404714268612,52.9491949141246,"homo","24033"
2020-02-16,22,0.000688967626028488,47.2261189520519,"homo","24033"
2020-03-30,22,0.000576339267557907,31.6971932597129,"homo","24033"
2020-03-31,22,0.000519892806457727,23.9355161398192,"homo","24033"
2020-04-01,22,0.000433901548771478,29.8855225028347,"homo","24033"
2020-04-02,22,0.000715076809892539,29.5147818004468,"homo","24033"
2020-04-03,22,0.000513746881747712,34.2485414000294,"homo","24033"
2020-04-04,22,0.000567006620607831,31.892555289547,"homo","24033"
2020-04-05,22,0.000465530742067336,25.9700883805527,"homo","24033"
2020-02-10,22,4.99994470674247,413.975543779041,"power","24033"
2020-02-11,22,4.99994290367744,409.17248673451,"power","24033"
2020-02-12,22,4.9999437983595,417.452015172026,"power","24033"
2020-02-13,22,4.99994408349603,410.249073425804,"power","24033"
2020-02-14,22,4.99994424042511,438.319959589488,"power","24033"
2020-02-15,22,4.99994323764682,389.126817506211,"power","24033"
2020-02-16,22,4.99994288673826,349.117738322383,"power","24033"
2020-03-30,22,4.99994446988887,263.647805781151,"power","24033"
2020-03-31,22,4.99994253325639,216.351168596911,"power","24033"
2020-04-01,22,4.99994334842979,255.204488156376,"power","24033"
2020-04-02,22,4.99994312337524,249.533644454351,"power","24033"
2020-04-03,22,4.99994398140038,282.57967876739,"power","24033"
2020-04-04,22,4.9999429976509,265.316613361607,"power","24033"
2020-04-05,22,4.9999424602952,256.728033310569,"power","24033"
2020-02-10,22,0.370614633326942,49.8581811117154,"exp","24033"
2020-02-11,22,0.369518716433091,48.6944145855945,"exp","24033"
2020-02-12,22,0.374561057642028,50.2968341578902,"exp","24033"
2020-02-13,22,0.366226992730155,49.9614783055802,"exp","24033"
2020-02-14,22,0.375559068443776,55.8990924379015,"exp","24033"
2020-02-15,22,0.363906798065072,49.822571925492,"exp","24033"
2020-02-16,22,0.364349469970569,44.324228107113,"exp","24033"
2020-03-30,22,0.345741956328951,29.6814646388156,"exp","24033"
2020-03-31,22,0.340587493965132,22.2788704949896,"exp","24033"
2020-04-01,22,0.337674912561903,27.2211688773679,"exp","24033"
2020-04-02,22,0.355682807947801,27.9194893698234,"exp","24033"
2020-04-03,22,0.338729480355105,32.2240943027777,"exp","24033"
2020-04-04,22,0.332410212259699,30.6255656601342,"exp","24033"
2020-04-05,22,0.305643998400482,25.7452575327875,"exp","24033"
2020-02-10,21,0.000392102099785653,71.3144659319842,"homo","24031"
2020-02-11,21,0.000433548658086544,69.9033791093023,"homo","24031"
2020-02-12,21,0.000425958235181498,71.4083437282229,"homo","24031"
2020-02-13,21,0.000310020317081524,73.3942731911591,"homo","24031"
2020-02-14,21,0.00040591503326291,82.2958421515069,"homo","24031"
2020-02-15,21,0.000368771969546652,71.4749554749912,"homo","24031"
2020-02-16,21,0.000388534625836378,62.9606467610745,"homo","24031"
2020-03-30,21,0.000446727248455254,35.1028151515764,"homo","24031"
2020-03-31,21,0.000317886484677662,25.0695241272996,"homo","24031"
2020-04-01,21,0.000343845481547588,27.2340926133386,"homo","24031"
2020-04-02,21,0.000395926879368665,28.011557625982,"homo","24031"
2020-04-03,21,0.000352288093049846,31.947328165865,"homo","24031"
2020-04-04,21,0.000306270190820462,31.3189911243978,"homo","24031"
2020-04-05,21,0.000345931032529595,26.5331389271529,"homo","24031"
2020-02-10,21,4.99994016686211,540.548828038971,"power","24031"
2020-02-11,21,4.9999396538228,523.820480012151,"power","24031"
2020-02-12,21,4.99994037025706,508.858892921985,"power","24031"
2020-02-13,21,4.99993926108278,530.306466882679,"power","24031"
2020-02-14,21,4.99993991634701,585.042931103396,"power","24031"
2020-02-15,21,4.9999381320144,478.661976237326,"power","24031"
2020-02-16,21,4.99993877213947,449.689137234579,"power","24031"
2020-03-30,21,4.99993906484129,288.014998972664,"power","24031"
2020-03-31,21,4.99993860138174,246.04522373556,"power","24031"
2020-04-01,21,4.99994000311724,248.364074026734,"power","24031"
2020-04-02,21,4.9999390515802,245.7086337699,"power","24031"
2020-04-03,21,4.99993782801,274.640559322991,"power","24031"
2020-04-04,21,4.99993845724308,298.726474431215,"power","24031"
2020-04-05,21,4.99994050822553,296.232281736689,"power","24031"
2020-02-10,21,0.346324417206662,67.2049312218894,"exp","24031"
2020-02-11,21,0.356083986312168,65.4118573729401,"exp","24031"
2020-02-12,21,0.369923929752859,64.8170751731894,"exp","24031"
2020-02-13,21,0.354488670126202,67.1995867641189,"exp","24031"
2020-02-14,21,0.354665067239599,77.0545919907309,"exp","24031"
2020-02-15,21,0.348832951472923,67.1213728401111,"exp","24031"
2020-02-16,21,0.335839252975032,60.1108927322677,"exp","24031"
2020-03-30,21,0.33434778832799,33.5311907700246,"exp","24031"
2020-03-31,21,0.301282612430838,24.0973773132738,"exp","24031"
2020-04-01,21,0.316080120544857,25.5799440616951,"exp","24031"
2020-04-02,21,0.330658329366889,26.4029039996629,"exp","24031"
2020-04-03,21,0.321930086326927,30.0891000115529,"exp","24031"
2020-04-04,21,0.286934311542936,30.8750857939624,"exp","24031"
2020-04-05,21,0.272942313309921,27.2260404489708,"exp","24031"
2020-02-10,4,0.012949403818438,17.4308923629631,"homo","51685"
2020-02-11,4,0.041344900847732,15.9619468759541,"homo","51685"
2020-02-12,4,0.0274528548595354,15.2282623621954,"homo","51685"
2020-02-13,4,0.024611261024442,18.2183661929758,"homo","51685"
2020-02-14,4,0.0290815259751119,15.4725101704927,"homo","51685"
2020-02-15,4,0.0225431189189383,9.98760032896433,"homo","51685"
2020-02-16,4,0.0623452931001231,7.34919098684705,"homo","51685"
2020-03-30,4,0.0400345452949011,6.97411782288551,"homo","51685"
2020-03-31,4,0.0744803132136939,8.38703940214563,"homo","51685"
2020-04-01,4,0.0593093135453691,6.90972861931976,"homo","51685"
2020-04-02,4,0.0327333606217517,7.76831319680565,"homo","51685"
2020-04-03,4,0.0347215895817617,7.43953994661589,"homo","51685"
2020-04-04,4,0.112228705279092,3.77488067604551,"homo","51685"
2020-04-05,4,0.129208073892515,4.90324412230602,"homo","51685"
2020-02-10,4,4.99994844450517,80.1447528796859,"power","51685"
2020-02-11,4,4.99995512458297,52.0514165792064,"power","51685"
2020-02-12,4,4.99991974173062,47.8423731489992,"power","51685"
2020-02-13,4,4.99995516720147,53.5014024229746,"power","51685"
2020-02-14,4,4.99995239346419,49.7966814980493,"power","51685"
2020-02-15,4,4.99993739016273,79.4181436661496,"power","51685"
2020-02-16,4,4.99995114251241,39.2568866916896,"power","51685"
2020-03-30,4,4.99994152140267,27.3221921694517,"power","51685"
2020-03-31,4,4.99992371916479,30.7075305011992,"power","51685"
2020-04-01,4,4.9999312478698,28.9586362894508,"power","51685"
2020-04-02,4,4.99993899962015,32.1846948251939,"power","51685"
2020-04-03,4,4.99993933948867,38.0892772503675,"power","51685"
2020-04-04,4,4.99993759698511,20.3560192022423,"power","51685"
2020-04-05,4,4.99994187714617,19.0308853945911,"power","51685"
2020-02-10,4,0.358844264095273,16.8949148044797,"exp","51685"
2020-02-11,4,0.49392465089354,15.4389763763252,"exp","51685"
2020-02-12,4,0.48494109793383,13.8665457351233,"exp","51685"
2020-02-13,4,0.480905647377929,16.6133472540458,"exp","51685"
2020-02-14,4,0.483677264942276,14.2834835103939,"exp","51685"
2020-02-15,4,0.328702726760453,10.1398784926186,"exp","51685"
2020-02-16,4,0.495827987851023,7.3105436854371,"exp","51685"
2020-03-30,4,0.520085541787171,6.09568706230164,"exp","51685"
2020-03-31,4,0.56939472147834,8.03701437006064,"exp","51685"
2020-04-01,4,0.560058321607051,6.2567859267001,"exp","51685"
2020-04-02,4,0.487449093127019,6.98783207701483,"exp","51685"
2020-04-03,4,0.453442457155575,6.99783959771618,"exp","51685"
2020-04-04,4,0.707231787696312,3.83149304497317,"exp","51685"
2020-04-05,4,0.764263299738297,4.68592197180717,"exp","51685"
2020-02-10,14,0.00103331535546812,24.1647597486458,"homo","51013"
2020-02-11,14,0.00133945853768767,23.6663648961009,"homo","51013"
2020-02-12,14,0.00128913997640675,24.7800536117138,"homo","51013"
2020-02-13,14,0.00142582371270453,24.4463977150076,"homo","51013"
2020-02-14,14,0.0010706362315227,26.4680563514492,"homo","51013"
2020-02-15,14,0.00112701972402989,21.7795829787929,"homo","51013"
2020-02-16,14,0.00113881355776268,20.2121818898867,"homo","51013"
2020-03-30,14,0.00125590241180784,12.6124755479326,"homo","51013"
2020-03-31,14,0.00118040371417791,11.1822152274312,"homo","51013"
2020-04-01,14,0.00140879007631524,11.0969230827163,"homo","51013"
2020-04-02,14,0.00141189896271282,11.3187526839361,"homo","51013"
2020-04-03,14,0.00135504368776868,12.6160598092081,"homo","51013"
2020-04-04,14,0.00111755421837907,12.4599227601589,"homo","51013"
2020-04-05,14,0.0012566298259678,11.6634168098314,"homo","51013"
2020-02-10,14,4.99992422002962,267.229471316767,"power","51013"
2020-02-11,14,4.99992284076317,234.617128388989,"power","51013"
2020-02-12,14,4.99992577825825,236.423209533058,"power","51013"
2020-02-13,14,4.99992440057901,237.079971473104,"power","51013"
2020-02-14,14,4.99992441773912,274.808645478388,"power","51013"
2020-02-15,14,4.99992361219846,248.911148867509,"power","51013"
2020-02-16,14,4.99993015238746,225.094960245831,"power","51013"
2020-03-30,14,4.99992355914877,171.258145711351,"power","51013"
2020-03-31,14,4.99993098396958,172.395711113643,"power","51013"
2020-04-01,14,4.99993804659309,150.167601210664,"power","51013"
2020-04-02,14,4.99992322174555,152.433546665728,"power","51013"
2020-04-03,14,4.99992420061418,161.234972163681,"power","51013"
2020-04-04,14,4.9999259490007,172.029517240659,"power","51013"
2020-04-05,14,4.99992307579163,162.964469345894,"power","51013"
2020-02-10,14,0.281300606823255,23.9952273757353,"exp","51013"
2020-02-11,14,0.310069125055638,23.2565732230106,"exp","51013"
2020-02-12,14,0.310043252929816,24.1672980869467,"exp","51013"
2020-02-13,14,0.308748367274396,24.2477906846592,"exp","51013"
2020-02-14,14,0.282959358901958,26.3114545509845,"exp","51013"
2020-02-15,14,0.27489933219648,22.1054249895946,"exp","51013"
2020-02-16,14,0.28304828485439,20.3634068005571,"exp","51013"
2020-03-30,14,0.289787074047582,12.8004176553593,"exp","51013"
2020-03-31,14,0.27830534853884,11.4260411476073,"exp","51013"
2020-04-01,14,0.307951324123265,11.0305140692082,"exp","51013"
2020-04-02,14,0.305951147517201,11.325046735,"exp","51013"
2020-04-03,14,0.302332112008872,12.50634467252,"exp","51013"
2020-04-04,14,0.287635869982826,12.3238222815176,"exp","51013"
2020-04-05,14,0.290723745145882,11.8312595470126,"exp","51013"
2020-02-10,3,0.0211196505442524,24.0358211959497,"homo","51043"
2020-02-11,3,0.00664260770137579,27.2736467858752,"homo","51043"
2020-02-12,3,0.0293232617298978,21.2305141652681,"homo","51043"
2020-02-13,3,0.0155691475121794,26.1186489740185,"homo","51043"
2020-02-14,3,0.0324573771427621,16.681251704211,"homo","51043"
2020-02-15,3,0.0353836059879008,13.7169608749176,"homo","51043"
2020-02-16,3,0.0579936350873246,9.73196025362846,"homo","51043"
2020-03-30,3,0.0147021241344098,12.0969856409829,"homo","51043"
2020-03-31,3,0.0174495944017911,10.5809899754837,"homo","51043"
2020-04-01,3,0.0558080252517723,9.13449769176618,"homo","51043"
2020-04-02,3,0.0148083272740477,12.2460055449489,"homo","51043"
2020-04-03,3,0.0246658598139186,11.695089177445,"homo","51043"
2020-04-04,3,0.0700970860294795,7.33544963897139,"homo","51043"
2020-04-05,3,0.0389275538182278,9.55784315434938,"homo","51043"
2020-02-10,3,4.99993090527011,114.081955943227,"power","51043"
2020-02-11,3,4.99994447079738,130.856639373765,"power","51043"
2020-02-12,3,4.99994259367449,102.100806281966,"power","51043"
2020-02-13,3,4.99993878216773,122.348945824957,"power","51043"
2020-02-14,3,4.99992200210546,83.8865976853352,"power","51043"
2020-02-15,3,4.99995285280548,70.2380605627446,"power","51043"
2020-02-16,3,4.99995707296105,60.0628689099424,"power","51043"
2020-03-30,3,4.99995699051507,77.0988712319725,"power","51043"
2020-03-31,3,4.99992019413498,80.8212611730719,"power","51043"
2020-04-01,3,4.99995736112351,56.9959488604869,"power","51043"
2020-04-02,3,4.99992234451693,94.5105261051356,"power","51043"
2020-04-03,3,4.99995449031947,76.8300303372258,"power","51043"
2020-04-04,3,4.99992751201616,52.0918554455034,"power","51043"
2020-04-05,3,4.99992854004725,54.7752599626369,"power","51043"
2020-02-10,3,0.410854828055921,22.0086242927829,"exp","51043"
2020-02-11,3,0.361959402392579,24.4495409996285,"exp","51043"
2020-02-12,3,0.436233695371173,19.2874191782038,"exp","51043"
2020-02-13,3,0.400715333900942,23.4492037014187,"exp","51043"
2020-02-14,3,0.463532527851896,13.7810551290097,"exp","51043"
2020-02-15,3,0.475822302878418,11.1550078761722,"exp","51043"
2020-02-16,3,0.523571657076248,7.86794692572775,"exp","51043"
2020-03-30,3,0.395976463936096,10.0904504402293,"exp","51043"
2020-03-31,3,0.371177248905467,9.5667770739744,"exp","51043"
2020-04-01,3,0.52152861340021,7.3197985036736,"exp","51043"
2020-04-02,3,0.354212716051977,11.2523788593714,"exp","51043"
2020-04-03,3,0.413836917759701,10.1032094008654,"exp","51043"
2020-04-04,3,0.552345610597894,5.43696126156046,"exp","51043"
2020-04-05,3,0.482849141377875,7.48911753107626,"exp","51043"
2020-02-10,7,0.000621917595250113,83.849993659839,"homo","24017"
2020-02-11,7,0.00152895313584879,79.2632063216052,"homo","24017"
2020-02-12,7,0.00152368721751657,84.6208080163556,"homo","24017"
2020-02-13,7,0.00156281811986488,82.4318046766164,"homo","24017"
2020-02-14,7,0.00258374927892609,97.3141007301928,"homo","24017"
2020-02-15,7,0.00083310912142376,86.3150537546888,"homo","24017"
2020-02-16,7,0.00319295397028054,73.2903632099259,"homo","24017"
2020-03-30,7,0.00188717331953719,55.0200598760949,"homo","24017"
2020-03-31,7,0.00217047081784708,34.870352048381,"homo","24017"
2020-04-01,7,0.00168340997737364,41.8952375494127,"homo","24017"
2020-04-02,7,0.00246885372007541,43.2987648144673,"homo","24017"
2020-04-03,7,0.00294453618059492,51.3955489625349,"homo","24017"
2020-04-04,7,0.00254456519029883,50.1366702611268,"homo","24017"
2020-04-05,7,0.00140961472069266,40.131513835632,"homo","24017"
2020-02-10,7,4.9999321313535,674.522917371822,"power","24017"
2020-02-11,7,4.99993307478829,529.909545048423,"power","24017"
2020-02-12,7,4.99993396056317,576.082443977346,"power","24017"
2020-02-13,7,4.99993375141233,540.663554575358,"power","24017"
2020-02-14,7,4.99993457769257,637.717297953925,"power","24017"
2020-02-15,7,4.99992735409972,509.713096369456,"power","24017"
2020-02-16,7,4.99993528398635,450.763707824111,"power","24017"
2020-03-30,7,4.99993192554825,388.448863866437,"power","24017"
2020-03-31,7,4.99993330494521,275.075350160405,"power","24017"
2020-04-01,7,4.99992990613069,287.350591817053,"power","24017"
2020-04-02,7,4.99993338710845,323.773272292479,"power","24017"
2020-04-03,7,4.99993425470807,336.74795108275,"power","24017"
2020-04-04,7,4.99993340693339,335.730346727425,"power","24017"
2020-04-05,7,4.99993271455437,333.56998529409,"power","24017"
2020-02-10,7,0.332782089045882,77.4730548507021,"exp","24017"
2020-02-11,7,0.400250584699401,65.563286280522,"exp","24017"
2020-02-12,7,0.398820606983523,71.0122848035015,"exp","24017"
2020-02-13,7,0.401906655068536,67.9446960219193,"exp","24017"
2020-02-14,7,0.406203063913938,81.9755569307693,"exp","24017"
2020-02-15,7,0.393255729673576,73.5599041407301,"exp","24017"
2020-02-16,7,0.394320611937655,64.0546087222228,"exp","24017"
2020-03-30,7,0.344047911236101,51.1492472562163,"exp","24017"
2020-03-31,7,0.338512911725587,31.9634155869756,"exp","24017"
2020-04-01,7,0.362870016336196,36.8630668900381,"exp","24017"
2020-04-02,7,0.338064307863814,40.4222513750395,"exp","24017"
2020-04-03,7,0.383959049853514,44.9964366715983,"exp","24017"
2020-04-04,7,0.345003157746595,46.6961238826107,"exp","24017"
2020-04-05,7,0.293206270473345,38.4083624345835,"exp","24017"
2020-02-10,4,0.0219597699593686,25.8287116323194,"homo","51630"
2020-02-11,4,0.0170163528764563,28.8124732186315,"homo","51630"
2020-02-12,4,0.023475001575858,26.5779295648805,"homo","51630"
2020-02-13,4,0.0269871043159725,27.9541678422854,"homo","51630"
2020-02-14,4,0.0117611129368638,33.6963958901063,"homo","51630"
2020-02-15,4,0.026804770677724,24.9161887908713,"homo","51630"
2020-02-16,4,0.0205176676177641,23.9812815774899,"homo","51630"
2020-03-30,4,0.0297280661867144,12.6929629174235,"homo","51630"
2020-03-31,4,0.00962238635159191,15.0726846575823,"homo","51630"
2020-04-01,4,0.0286041471350983,12.8224888666966,"homo","51630"
2020-04-02,4,0.0262634829469838,14.279006110326,"homo","51630"
2020-04-03,4,0.0243892117232533,14.8463935885923,"homo","51630"
2020-04-04,4,0.0230213518672471,14.9392422611807,"homo","51630"
2020-04-05,4,0.0211638558359988,12.7204995764749,"homo","51630"
2020-02-10,4,4.99994515326424,193.338839867694,"power","51630"
2020-02-11,4,4.9999454811218,218.736835474133,"power","51630"
2020-02-12,4,4.99994166808726,188.450671382147,"power","51630"
2020-02-13,4,4.99994375397125,189.9391795955,"power","51630"
2020-02-14,4,4.99993403062263,257.856782196407,"power","51630"
2020-02-15,4,4.99993110649286,142.405843086098,"power","51630"
2020-02-16,4,4.99993202364871,161.377271603973,"power","51630"
2020-03-30,4,4.99993095495716,84.568432413649,"power","51630"
2020-03-31,4,4.99992425286638,107.02425489993,"power","51630"
2020-04-01,4,4.99993314969397,93.8322451776719,"power","51630"
2020-04-02,4,4.99993130668874,99.9943646389888,"power","51630"
2020-04-03,4,4.99992892384218,117.780418679957,"power","51630"
2020-04-04,4,4.99992889958066,119.644596015172,"power","51630"
2020-04-05,4,4.9999259772079,80.0842529095459,"power","51630"
2020-02-10,4,0.368102435950384,26.0848100942281,"exp","51630"
2020-02-11,4,0.333883688597465,29.1919742606115,"exp","51630"
2020-02-12,4,0.38057482270236,26.6796244784039,"exp","51630"
2020-02-13,4,0.391572055768375,28.4162867950965,"exp","51630"
2020-02-14,4,0.293498671804938,34.2472066801494,"exp","51630"
2020-02-15,4,0.414413251878756,24.7278638930661,"exp","51630"
2020-02-16,4,0.358706906590877,24.5497797049201,"exp","51630"
2020-03-30,4,0.44276945061572,12.1254394995702,"exp","51630"
2020-03-31,4,0.361262268510361,13.6554160242665,"exp","51630"
2020-04-01,4,0.404799662076633,13.2067846485862,"exp","51630"
2020-04-02,4,0.413369400227986,14.0815391941001,"exp","51630"
2020-04-03,4,0.364749305476582,15.7633752799738,"exp","51630"
2020-04-04,4,0.342767313289379,16.0869042409455,"exp","51630"
2020-04-05,4,0.428752072985424,11.4085085992137,"exp","51630"
2020-02-10,25,0.000289510391123948,63.1010795068697,"homo","51059"
2020-02-11,25,0.000202186920644135,64.370093928329,"homo","51059"
2020-02-12,25,0.000316324479723922,63.8180581799671,"homo","51059"
2020-02-13,25,0.000292211711615647,64.9520337025394,"homo","51059"
2020-02-14,25,0.000272524739170737,73.5413357040128,"homo","51059"
2020-02-15,25,0.000303032046846019,63.822421591315,"homo","51059"
2020-02-16,25,0.000313490410904105,57.3170513342822,"homo","51059"
2020-03-30,25,0.000345734119210905,28.8441322722494,"homo","51059"
2020-03-31,25,0.000382441281677745,24.6692431217667,"homo","51059"
2020-04-01,25,0.000350741392988895,25.9299881807472,"homo","51059"
2020-04-02,25,0.000346226265845249,26.5879988680594,"homo","51059"
2020-04-03,25,0.000305115985861718,29.1804916145143,"homo","51059"
2020-04-04,25,0.000267121637815681,28.8360280098035,"homo","51059"
2020-04-05,25,0.000379342638053057,23.620726710137,"homo","51059"
2020-02-10,25,4.9999410428308,482.893565808691,"power","51059"
2020-02-11,25,4.99994071515938,484.632057268801,"power","51059"
2020-02-12,25,4.99994062657187,474.688490586076,"power","51059"
2020-02-13,25,4.99994067874304,508.860007784956,"power","51059"
2020-02-14,25,4.99994133116163,529.089436505208,"power","51059"
2020-02-15,25,4.99993990498812,451.933036147841,"power","51059"
2020-02-16,25,4.99994040988819,424.495540611301,"power","51059"
2020-03-30,25,4.99994135175207,270.707761141374,"power","51059"
2020-03-31,25,4.99994068938227,240.125674613445,"power","51059"
2020-04-01,25,4.99994077561748,254.392224644152,"power","51059"
2020-04-02,25,4.99994169144312,247.141848358805,"power","51059"
2020-04-03,25,4.99994051630892,255.374240010676,"power","51059"
2020-04-04,25,4.99993955263811,273.063795120125,"power","51059"
2020-04-05,25,4.99994046294125,235.991832500853,"power","51059"
2020-02-10,25,0.323581319407701,59.7879785252381,"exp","51059"
2020-02-11,25,0.321221220275481,59.9406685951691,"exp","51059"
2020-02-12,25,0.340664020776655,59.6673902288911,"exp","51059"
2020-02-13,25,0.313655615746128,62.499271148401,"exp","51059"
2020-02-14,25,0.328690298102319,69.303786813074,"exp","51059"
2020-02-15,25,0.325383530880984,60.9965620559667,"exp","51059"
2020-02-16,25,0.32515768980903,54.6148064040459,"exp","51059"
2020-03-30,25,0.305850646343189,28.2374967502192,"exp","51059"
2020-03-31,25,0.306050041935019,24.0479450987556,"exp","51059"
2020-04-01,25,0.305796570569407,25.2937032149686,"exp","51059"
2020-04-02,25,0.315445480628247,25.4480452620151,"exp","51059"
2020-04-03,25,0.320349368649868,27.5437197606842,"exp","51059"
2020-04-04,25,0.292600891228953,28.038476322853,"exp","51059"
2020-04-05,25,0.300950581246515,23.2853133673269,"exp","51059"
2020-02-10,13,0.00198812687494002,102.937992665666,"homo","51107"
2020-02-11,13,0.00263506747319109,101.404062169317,"homo","51107"
2020-02-12,13,0.00288105557835973,102.692409373815,"homo","51107"
2020-02-13,13,0.00254271230937085,107.234798679327,"homo","51107"
2020-02-14,13,0.0030880178949514,118.619146266644,"homo","51107"
2020-02-15,13,0.00337917690126557,106.694890392845,"homo","51107"
2020-02-16,13,0.00341537489440542,97.0128552279693,"homo","51107"
2020-03-30,13,0.00215935275543333,44.9053880414781,"homo","51107"
2020-03-31,13,0.00215934823330784,36.3509830912313,"homo","51107"
2020-04-01,13,0.00216309558674401,39.8327250296764,"homo","51107"
2020-04-02,13,0.0021361256057918,42.412476930886,"homo","51107"
2020-04-03,13,0.00247421885632931,44.1630742176221,"homo","51107"
2020-04-04,13,0.00228088556493947,47.4068658503696,"homo","51107"
2020-04-05,13,0.00255927009666315,37.6222463659173,"homo","51107"
2020-02-10,13,4.9999265304567,739.747028511528,"power","51107"
2020-02-11,13,4.99992669472481,717.653527963385,"power","51107"
2020-02-12,13,4.99992643700429,723.354675599567,"power","51107"
2020-02-13,13,4.99992729491534,813.902208646108,"power","51107"
2020-02-14,13,4.99992773601097,916.912342622284,"power","51107"
2020-02-15,13,4.99992657920321,749.493866104515,"power","51107"
2020-02-16,13,4.99992655852302,696.68305741769,"power","51107"
2020-03-30,13,4.9999270371201,334.074578937478,"power","51107"
2020-03-31,13,4.9999263307137,299.37550458919,"power","51107"
2020-04-01,13,4.99992677036127,319.485027198225,"power","51107"
2020-04-02,13,4.99992611658687,329.899078615763,"power","51107"
2020-04-03,13,4.99992652645478,348.879734736842,"power","51107"
2020-04-04,13,4.99992694792608,376.237895315578,"power","51107"
2020-04-05,13,4.99992638402643,300.764469500402,"power","51107"
2020-02-10,13,0.403721924662804,87.6733797893016,"exp","51107"
2020-02-11,13,0.41123785275429,85.5526555681861,"exp","51107"
2020-02-12,13,0.414748278593453,86.0458268227549,"exp","51107"
2020-02-13,13,0.39684550448736,95.819967933535,"exp","51107"
2020-02-14,13,0.391340897392277,110.282384015013,"exp","51107"
2020-02-15,13,0.404802093760976,96.6922620938857,"exp","51107"
2020-02-16,13,0.406781308189456,87.6849556188586,"exp","51107"
2020-03-30,13,0.387807712324424,39.0189999652318,"exp","51107"
2020-03-31,13,0.370339053709176,33.3141476261356,"exp","51107"
2020-04-01,13,0.375278234142838,36.152741556061,"exp","51107"
2020-04-02,13,0.375861728368687,38.4762346474029,"exp","51107"
2020-04-03,13,0.37752693186993,40.8754371433674,"exp","51107"
2020-04-04,13,0.353892428344548,45.729706972706,"exp","51107"
2020-04-05,13,0.376240463956719,34.8086054757561,"exp","51107"
2020-02-10,5,0.021248107185261,80.2922074392196,"homo","51047"
2020-02-11,5,0.0190028191201592,79.0257335357492,"homo","51047"
2020-02-12,5,0.0229439293082077,78.1132749049997,"homo","51047"
2020-02-13,5,0.0182899398817566,82.6766152771529,"homo","51047"
2020-02-14,5,0.0227365685222634,88.8334196955913,"homo","51047"
2020-02-15,5,0.0269204909557197,71.3204027900542,"homo","51047"
2020-02-16,5,0.0219978659544215,68.3294168271371,"homo","51047"
2020-03-30,5,0.0252934357501461,50.1671132014871,"homo","51047"
2020-03-31,5,0.0218529078939569,42.2101172835208,"homo","51047"
2020-04-01,5,0.0242917070756206,43.2017028712696,"homo","51047"
2020-04-02,5,0.0241369372607085,47.6223899010351,"homo","51047"
2020-04-03,5,0.0221769213004907,55.1848384442945,"homo","51047"
2020-04-04,5,0.0242844269566337,58.3271386596015,"homo","51047"
2020-04-05,5,0.0239028062410766,42.8006570357888,"homo","51047"
2020-02-10,5,4.9999357519389,414.733173785693,"power","51047"
2020-02-11,5,4.99993686390513,410.680912789281,"power","51047"
2020-02-12,5,4.99993961666141,413.965477773726,"power","51047"
2020-02-13,5,4.99993769233196,423.636125405934,"power","51047"
2020-02-14,5,4.99993864835495,455.658177813419,"power","51047"
2020-02-15,5,4.99994214933128,397.92285184743,"power","51047"
2020-02-16,5,4.99993834503881,368.304029968169,"power","51047"
2020-03-30,5,4.99993855904104,291.464517477959,"power","51047"
2020-03-31,5,4.99993891307789,250.082615926684,"power","51047"
2020-04-01,5,4.99994327025617,243.957622643257,"power","51047"
2020-04-02,5,4.99994106875679,261.920200631334,"power","51047"
2020-04-03,5,4.99993419722417,289.062025842966,"power","51047"
2020-04-04,5,4.99993350217129,308.770067623286,"power","51047"
2020-04-05,5,4.9999316856555,238.419457586983,"power","51047"
2020-02-10,5,0.459849649141822,67.1908212255395,"exp","51047"
2020-02-11,5,0.448174512634611,68.3121243419174,"exp","51047"
2020-02-12,5,0.456652308922076,66.8347584284437,"exp","51047"
2020-02-13,5,0.446612459206146,71.4407042437886,"exp","51047"
2020-02-14,5,0.455195773244222,76.5835919561042,"exp","51047"
2020-02-15,5,0.420646076016691,68.5742443936906,"exp","51047"
2020-02-16,5,0.429101428671259,62.0012427096702,"exp","51047"
2020-03-30,5,0.412616609339521,48.2775046051521,"exp","51047"
2020-03-31,5,0.4050364518969,40.0283868990253,"exp","51047"
2020-04-01,5,0.420449139363257,40.4105959510706,"exp","51047"
2020-04-02,5,0.413364953776815,45.3885812461062,"exp","51047"
2020-04-03,5,0.404052794685437,53.0820320103881,"exp","51047"
2020-04-04,5,0.374729371920058,59.1559902858339,"exp","51047"
2020-04-05,5,0.397817894945175,42.0481692881395,"exp","51047"
2020-02-10,5,0.0185326998518284,49.8987562014391,"homo","51187"
2020-02-11,5,0.0214967587286481,46.4556470562136,"homo","51187"
2020-02-12,5,0.0173969013675879,53.1947992388833,"homo","51187"
2020-02-13,5,0.0186872686379378,49.9593829193444,"homo","51187"
2020-02-14,5,0.0209467539343442,55.0715303606503,"homo","51187"
2020-02-15,5,0.0192015894513571,45.9874331676656,"homo","51187"
2020-02-16,5,0.0149170722106094,47.06855874344,"homo","51187"
2020-03-30,5,0.0205771190402875,31.4748718453902,"homo","51187"
2020-03-31,5,0.0182067653234098,26.0604281657211,"homo","51187"
2020-04-01,5,0.0114337153269472,31.0431783657672,"homo","51187"
2020-04-02,5,0.017986568981734,29.1097570220395,"homo","51187"
2020-04-03,5,0.0144740502494796,36.0334413760187,"homo","51187"
2020-04-04,5,0.0191512118553225,36.7062882709135,"homo","51187"
2020-04-05,5,0.0223092104755742,27.9174641079457,"homo","51187"
2020-02-10,5,4.99993215390793,322.27919175615,"power","51187"
2020-02-11,5,4.99993360210252,300.236484314752,"power","51187"
2020-02-12,5,4.99993230864618,337.441335527766,"power","51187"
2020-02-13,5,4.99993231880501,317.288667566045,"power","51187"
2020-02-14,5,4.99993672388245,342.174477387046,"power","51187"
2020-02-15,5,4.99993425771808,291.039577136157,"power","51187"
2020-02-16,5,4.9999368725045,314.074150799362,"power","51187"
2020-03-30,5,4.99993670242693,216.169325057547,"power","51187"
2020-03-31,5,4.99993515046286,186.633021126307,"power","51187"
2020-04-01,5,4.9999241052012,201.238803918687,"power","51187"
2020-04-02,5,4.99993390397332,205.503223929067,"power","51187"
2020-04-03,5,4.99992983482217,239.264700405879,"power","51187"
2020-04-04,5,4.99993217453546,238.678500133935,"power","51187"
2020-04-05,5,4.99993427433827,191.05966678084,"power","51187"
2020-02-10,5,0.453445637214415,40.7016800836687,"exp","51187"
2020-02-11,5,0.463086283904975,37.3306143866183,"exp","51187"
2020-02-12,5,0.454575722345957,42.9050000012987,"exp","51187"
2020-02-13,5,0.443482899144385,43.1430716430851,"exp","51187"
2020-02-14,5,0.44546294825367,47.9540913703565,"exp","51187"
2020-02-15,5,0.43178412461567,41.2469662575844,"exp","51187"
2020-02-16,5,0.389056548022857,44.6600938143023,"exp","51187"
2020-03-30,5,0.437184665720893,27.4146292750452,"exp","51187"
2020-03-31,5,0.424682197521029,22.8628169385961,"exp","51187"
2020-04-01,5,0.409238174210927,26.5353296423458,"exp","51187"
2020-04-02,5,0.412941147610659,26.7908783765774,"exp","51187"
2020-04-03,5,0.396228728488673,33.5047805604204,"exp","51187"
2020-04-04,5,0.404978872626504,35.2580239750325,"exp","51187"
2020-04-05,5,0.417828614968561,26.9824579443033,"exp","51187"
2020-02-10,5,0.00667054845382508,25.0023876758877,"homo","51683"
2020-02-11,5,0.0126917430236418,22.7913753394068,"homo","51683"
2020-02-12,5,0.0123293330194223,23.7168017297055,"homo","51683"
2020-02-13,5,0.0122121194438974,24.2631507231625,"homo","51683"
2020-02-14,5,0.0114524335163807,24.0197924479313,"homo","51683"
2020-02-15,5,0.0155708179740476,19.0327939648794,"homo","51683"
2020-02-16,5,0.0120380257400977,20.6329787355123,"homo","51683"
2020-03-30,5,0.0140393278695708,13.8713173629119,"homo","51683"
2020-03-31,5,0.0077818279359243,12.7188885962619,"homo","51683"
2020-04-01,5,0.0146096377454115,11.7938306568696,"homo","51683"
2020-04-02,5,0.0149532567446612,12.5453764088228,"homo","51683"
2020-04-03,5,0.0173360710069902,14.1347016364259,"homo","51683"
2020-04-04,5,0.0194539902959012,13.2356637931253,"homo","51683"
2020-04-05,5,0.00770112181445048,15.4033239258424,"homo","51683"
2020-02-10,5,4.99993476896812,203.695681251186,"power","51683"
2020-02-11,5,4.99994124086639,168.341139345642,"power","51683"
2020-02-12,5,4.99993474569214,172.432625099592,"power","51683"
2020-02-13,5,4.99993506066474,173.859454832,"power","51683"
2020-02-14,5,4.99992782916026,159.450161112975,"power","51683"
2020-02-15,5,4.99993387700729,136.28154477437,"power","51683"
2020-02-16,5,4.99993276038032,151.023619325506,"power","51683"
2020-03-30,5,4.99992470765613,104.867013638567,"power","51683"
2020-03-31,5,4.99992093439758,106.718882065433,"power","51683"
2020-04-01,5,4.9999271513116,95.6241434929328,"power","51683"
2020-04-02,5,4.99992778697728,101.92271634308,"power","51683"
2020-04-03,5,4.99992833983729,110.158721248698,"power","51683"
2020-04-04,5,4.99992790182294,98.7329375795668,"power","51683"
2020-04-05,5,4.99995695092582,104.638497967718,"power","51683"
2020-02-10,5,0.351165634007664,22.3046592360324,"exp","51683"
2020-02-11,5,0.406387883680008,19.6826071456903,"exp","51683"
2020-02-12,5,0.409301157821759,20.2419537060122,"exp","51683"
2020-02-13,5,0.414427653873993,20.5471068006073,"exp","51683"
2020-02-14,5,0.448498386032273,18.0457117161988,"exp","51683"
2020-02-15,5,0.420281043247211,15.8104678775248,"exp","51683"
2020-02-16,5,0.388361768324656,17.9766255942184,"exp","51683"
2020-03-30,5,0.398146372849978,12.5333931837813,"exp","51683"
2020-03-31,5,0.367763268378193,11.0469601034289,"exp","51683"
2020-04-01,5,0.399508899929593,10.7383009843741,"exp","51683"
2020-04-02,5,0.390255374053502,11.9388816272495,"exp","51683"
2020-04-03,5,0.399640430150773,13.7670494933161,"exp","51683"
2020-04-04,5,0.425855972549718,12.3577839283198,"exp","51683"
2020-04-05,5,0.391599432304337,13.0318546465678,"exp","51683"
2020-02-10,8,0.00236796235208365,77.0947525349455,"homo","51177"
2020-02-11,8,0.00258636200324194,75.7320062290296,"homo","51177"
2020-02-12,8,0.00188103583949463,78.9084854157615,"homo","51177"
2020-02-13,8,0.00371464887063719,75.7117667028517,"homo","51177"
2020-02-14,8,0.00362067142695741,87.6988339151539,"homo","51177"
2020-02-15,8,0.00514827495386934,73.7849870947289,"homo","51177"
2020-02-16,8,0.00576821416762056,64.2974145379909,"homo","51177"
2020-03-30,8,0.00362088207167882,43.1684707145413,"homo","51177"
2020-03-31,8,0.00297610325882004,37.8911117645677,"homo","51177"
2020-04-01,8,0.00535883564781115,38.05048035668,"homo","51177"
2020-04-02,8,0.00512522107652635,41.3453056104367,"homo","51177"
2020-04-03,8,0.00428422474004052,47.6281488451648,"homo","51177"
2020-04-04,8,0.00481031028096919,45.9485732578067,"homo","51177"
2020-04-05,8,0.00194027721526151,39.6934326429088,"homo","51177"
2020-02-10,8,4.99993344432116,515.783093152236,"power","51177"
2020-02-11,8,4.99993712238135,531.43805823567,"power","51177"
2020-02-12,8,4.99993549372231,640.668607842261,"power","51177"
2020-02-13,8,4.99993659380712,498.497951035636,"power","51177"
2020-02-14,8,4.99993570721533,578.177603787356,"power","51177"
2020-02-15,8,4.99993561303299,426.717405605639,"power","51177"
2020-02-16,8,4.99993566571555,383.247311028596,"power","51177"
2020-03-30,8,4.99993273293253,283.119942902156,"power","51177"
2020-03-31,8,4.99993263902466,270.282750021937,"power","51177"
2020-04-01,8,4.9999374459122,278.150699404122,"power","51177"
2020-04-02,8,4.99993490905874,299.111336671087,"power","51177"
2020-04-03,8,4.99993451593024,305.624124313254,"power","51177"
2020-04-04,8,4.99993386799231,294.912430973083,"power","51177"
2020-04-05,8,4.99993136136958,270.458965586319,"power","51177"
2020-02-10,8,0.39897408948961,66.872467449117,"exp","51177"
2020-02-11,8,0.379800084153833,68.352176191477,"exp","51177"
2020-02-12,8,0.340945543636221,74.7838547696196,"exp","51177"
2020-02-13,8,0.409644543861066,65.2575165697588,"exp","51177"
2020-02-14,8,0.398877316337574,79.0555623726508,"exp","51177"
2020-02-15,8,0.422869654030856,64.0273069480673,"exp","51177"
2020-02-16,8,0.414517532381424,57.5954018512579,"exp","51177"
2020-03-30,8,0.414290793859595,35.1496766541602,"exp","51177"
2020-03-31,8,0.392086054179619,32.178682113135,"exp","51177"
2020-04-01,8,0.408627425054426,33.074791754599,"exp","51177"
2020-04-02,8,0.407968890262231,36.3690722923554,"exp","51177"
2020-04-03,8,0.424119429754358,38.2022312581108,"exp","51177"
2020-04-04,8,0.403313395962797,40.5524249906053,"exp","51177"
2020-04-05,8,0.37320683928738,34.268857095923,"exp","51177"
