"x","y","cell.index","cell.id","grid_size_km"
1,1,1,"1_1",2
2,1,2,"2_1",2
3,1,3,"3_1",2
4,1,4,"4_1",2
5,1,5,"5_1",2
6,1,6,"6_1",2
7,1,7,"7_1",2
8,1,8,"8_1",2
9,1,9,"9_1",2
10,1,10,"10_1",2
11,1,11,"11_1",2
12,1,12,"12_1",2
13,1,13,"13_1",2
14,1,14,"14_1",2
15,1,15,"15_1",2
16,1,16,"16_1",2
17,1,17,"17_1",2
18,1,18,"18_1",2
19,1,19,"19_1",2
20,1,20,"20_1",2
21,1,21,"21_1",2
22,1,22,"22_1",2
23,1,23,"23_1",2
24,1,24,"24_1",2
25,1,25,"25_1",2
26,1,26,"26_1",2
27,1,27,"27_1",2
28,1,28,"28_1",2
29,1,29,"29_1",2
30,1,30,"30_1",2
31,1,31,"31_1",2
32,1,32,"32_1",2
33,1,33,"33_1",2
34,1,34,"34_1",2
35,1,35,"35_1",2
36,1,36,"36_1",2
37,1,37,"37_1",2
38,1,38,"38_1",2
39,1,39,"39_1",2
40,1,40,"40_1",2
41,1,41,"41_1",2
42,1,42,"42_1",2
43,1,43,"43_1",2
44,1,44,"44_1",2
45,1,45,"45_1",2
46,1,46,"46_1",2
47,1,47,"47_1",2
48,1,48,"48_1",2
49,1,49,"49_1",2
50,1,50,"50_1",2
1,2,51,"1_2",2
2,2,52,"2_2",2
3,2,53,"3_2",2
4,2,54,"4_2",2
5,2,55,"5_2",2
6,2,56,"6_2",2
7,2,57,"7_2",2
8,2,58,"8_2",2
9,2,59,"9_2",2
10,2,60,"10_2",2
11,2,61,"11_2",2
12,2,62,"12_2",2
13,2,63,"13_2",2
14,2,64,"14_2",2
15,2,65,"15_2",2
16,2,66,"16_2",2
17,2,67,"17_2",2
18,2,68,"18_2",2
19,2,69,"19_2",2
20,2,70,"20_2",2
21,2,71,"21_2",2
22,2,72,"22_2",2
23,2,73,"23_2",2
24,2,74,"24_2",2
25,2,75,"25_2",2
26,2,76,"26_2",2
27,2,77,"27_2",2
28,2,78,"28_2",2
29,2,79,"29_2",2
30,2,80,"30_2",2
31,2,81,"31_2",2
32,2,82,"32_2",2
33,2,83,"33_2",2
34,2,84,"34_2",2
35,2,85,"35_2",2
36,2,86,"36_2",2
37,2,87,"37_2",2
38,2,88,"38_2",2
39,2,89,"39_2",2
40,2,90,"40_2",2
41,2,91,"41_2",2
42,2,92,"42_2",2
43,2,93,"43_2",2
44,2,94,"44_2",2
45,2,95,"45_2",2
46,2,96,"46_2",2
47,2,97,"47_2",2
48,2,98,"48_2",2
49,2,99,"49_2",2
50,2,100,"50_2",2
1,3,101,"1_3",2
2,3,102,"2_3",2
3,3,103,"3_3",2
4,3,104,"4_3",2
5,3,105,"5_3",2
6,3,106,"6_3",2
7,3,107,"7_3",2
8,3,108,"8_3",2
9,3,109,"9_3",2
10,3,110,"10_3",2
11,3,111,"11_3",2
12,3,112,"12_3",2
13,3,113,"13_3",2
14,3,114,"14_3",2
15,3,115,"15_3",2
16,3,116,"16_3",2
17,3,117,"17_3",2
18,3,118,"18_3",2
19,3,119,"19_3",2
20,3,120,"20_3",2
21,3,121,"21_3",2
22,3,122,"22_3",2
23,3,123,"23_3",2
24,3,124,"24_3",2
25,3,125,"25_3",2
26,3,126,"26_3",2
27,3,127,"27_3",2
28,3,128,"28_3",2
29,3,129,"29_3",2
30,3,130,"30_3",2
31,3,131,"31_3",2
32,3,132,"32_3",2
33,3,133,"33_3",2
34,3,134,"34_3",2
35,3,135,"35_3",2
36,3,136,"36_3",2
37,3,137,"37_3",2
38,3,138,"38_3",2
39,3,139,"39_3",2
40,3,140,"40_3",2
41,3,141,"41_3",2
42,3,142,"42_3",2
43,3,143,"43_3",2
44,3,144,"44_3",2
45,3,145,"45_3",2
46,3,146,"46_3",2
47,3,147,"47_3",2
48,3,148,"48_3",2
49,3,149,"49_3",2
50,3,150,"50_3",2
1,4,151,"1_4",2
2,4,152,"2_4",2
3,4,153,"3_4",2
4,4,154,"4_4",2
5,4,155,"5_4",2
6,4,156,"6_4",2
7,4,157,"7_4",2
8,4,158,"8_4",2
9,4,159,"9_4",2
10,4,160,"10_4",2
11,4,161,"11_4",2
12,4,162,"12_4",2
13,4,163,"13_4",2
14,4,164,"14_4",2
15,4,165,"15_4",2
16,4,166,"16_4",2
17,4,167,"17_4",2
18,4,168,"18_4",2
19,4,169,"19_4",2
20,4,170,"20_4",2
21,4,171,"21_4",2
22,4,172,"22_4",2
23,4,173,"23_4",2
24,4,174,"24_4",2
25,4,175,"25_4",2
26,4,176,"26_4",2
27,4,177,"27_4",2
28,4,178,"28_4",2
29,4,179,"29_4",2
30,4,180,"30_4",2
31,4,181,"31_4",2
32,4,182,"32_4",2
33,4,183,"33_4",2
34,4,184,"34_4",2
35,4,185,"35_4",2
36,4,186,"36_4",2
37,4,187,"37_4",2
38,4,188,"38_4",2
39,4,189,"39_4",2
40,4,190,"40_4",2
41,4,191,"41_4",2
42,4,192,"42_4",2
43,4,193,"43_4",2
44,4,194,"44_4",2
45,4,195,"45_4",2
46,4,196,"46_4",2
47,4,197,"47_4",2
48,4,198,"48_4",2
49,4,199,"49_4",2
50,4,200,"50_4",2
1,5,201,"1_5",2
2,5,202,"2_5",2
3,5,203,"3_5",2
4,5,204,"4_5",2
5,5,205,"5_5",2
6,5,206,"6_5",2
7,5,207,"7_5",2
8,5,208,"8_5",2
9,5,209,"9_5",2
10,5,210,"10_5",2
11,5,211,"11_5",2
12,5,212,"12_5",2
13,5,213,"13_5",2
14,5,214,"14_5",2
15,5,215,"15_5",2
16,5,216,"16_5",2
17,5,217,"17_5",2
18,5,218,"18_5",2
19,5,219,"19_5",2
20,5,220,"20_5",2
21,5,221,"21_5",2
22,5,222,"22_5",2
23,5,223,"23_5",2
24,5,224,"24_5",2
25,5,225,"25_5",2
26,5,226,"26_5",2
27,5,227,"27_5",2
28,5,228,"28_5",2
29,5,229,"29_5",2
30,5,230,"30_5",2
31,5,231,"31_5",2
32,5,232,"32_5",2
33,5,233,"33_5",2
34,5,234,"34_5",2
35,5,235,"35_5",2
36,5,236,"36_5",2
37,5,237,"37_5",2
38,5,238,"38_5",2
39,5,239,"39_5",2
40,5,240,"40_5",2
41,5,241,"41_5",2
42,5,242,"42_5",2
43,5,243,"43_5",2
44,5,244,"44_5",2
45,5,245,"45_5",2
46,5,246,"46_5",2
47,5,247,"47_5",2
48,5,248,"48_5",2
49,5,249,"49_5",2
50,5,250,"50_5",2
1,6,251,"1_6",2
2,6,252,"2_6",2
3,6,253,"3_6",2
4,6,254,"4_6",2
5,6,255,"5_6",2
6,6,256,"6_6",2
7,6,257,"7_6",2
8,6,258,"8_6",2
9,6,259,"9_6",2
10,6,260,"10_6",2
11,6,261,"11_6",2
12,6,262,"12_6",2
13,6,263,"13_6",2
14,6,264,"14_6",2
15,6,265,"15_6",2
16,6,266,"16_6",2
17,6,267,"17_6",2
18,6,268,"18_6",2
19,6,269,"19_6",2
20,6,270,"20_6",2
21,6,271,"21_6",2
22,6,272,"22_6",2
23,6,273,"23_6",2
24,6,274,"24_6",2
25,6,275,"25_6",2
26,6,276,"26_6",2
27,6,277,"27_6",2
28,6,278,"28_6",2
29,6,279,"29_6",2
30,6,280,"30_6",2
31,6,281,"31_6",2
32,6,282,"32_6",2
33,6,283,"33_6",2
34,6,284,"34_6",2
35,6,285,"35_6",2
36,6,286,"36_6",2
37,6,287,"37_6",2
38,6,288,"38_6",2
39,6,289,"39_6",2
40,6,290,"40_6",2
41,6,291,"41_6",2
42,6,292,"42_6",2
43,6,293,"43_6",2
44,6,294,"44_6",2
45,6,295,"45_6",2
46,6,296,"46_6",2
47,6,297,"47_6",2
48,6,298,"48_6",2
49,6,299,"49_6",2
50,6,300,"50_6",2
1,7,301,"1_7",2
2,7,302,"2_7",2
3,7,303,"3_7",2
4,7,304,"4_7",2
5,7,305,"5_7",2
6,7,306,"6_7",2
7,7,307,"7_7",2
8,7,308,"8_7",2
9,7,309,"9_7",2
10,7,310,"10_7",2
11,7,311,"11_7",2
12,7,312,"12_7",2
13,7,313,"13_7",2
14,7,314,"14_7",2
15,7,315,"15_7",2
16,7,316,"16_7",2
17,7,317,"17_7",2
18,7,318,"18_7",2
19,7,319,"19_7",2
20,7,320,"20_7",2
21,7,321,"21_7",2
22,7,322,"22_7",2
23,7,323,"23_7",2
24,7,324,"24_7",2
25,7,325,"25_7",2
26,7,326,"26_7",2
27,7,327,"27_7",2
28,7,328,"28_7",2
29,7,329,"29_7",2
30,7,330,"30_7",2
31,7,331,"31_7",2
32,7,332,"32_7",2
33,7,333,"33_7",2
34,7,334,"34_7",2
35,7,335,"35_7",2
36,7,336,"36_7",2
37,7,337,"37_7",2
38,7,338,"38_7",2
39,7,339,"39_7",2
40,7,340,"40_7",2
41,7,341,"41_7",2
42,7,342,"42_7",2
43,7,343,"43_7",2
44,7,344,"44_7",2
45,7,345,"45_7",2
46,7,346,"46_7",2
47,7,347,"47_7",2
48,7,348,"48_7",2
49,7,349,"49_7",2
50,7,350,"50_7",2
1,8,351,"1_8",2
2,8,352,"2_8",2
3,8,353,"3_8",2
4,8,354,"4_8",2
5,8,355,"5_8",2
6,8,356,"6_8",2
7,8,357,"7_8",2
8,8,358,"8_8",2
9,8,359,"9_8",2
10,8,360,"10_8",2
11,8,361,"11_8",2
12,8,362,"12_8",2
13,8,363,"13_8",2
14,8,364,"14_8",2
15,8,365,"15_8",2
16,8,366,"16_8",2
17,8,367,"17_8",2
18,8,368,"18_8",2
19,8,369,"19_8",2
20,8,370,"20_8",2
21,8,371,"21_8",2
22,8,372,"22_8",2
23,8,373,"23_8",2
24,8,374,"24_8",2
25,8,375,"25_8",2
26,8,376,"26_8",2
27,8,377,"27_8",2
28,8,378,"28_8",2
29,8,379,"29_8",2
30,8,380,"30_8",2
31,8,381,"31_8",2
32,8,382,"32_8",2
33,8,383,"33_8",2
34,8,384,"34_8",2
35,8,385,"35_8",2
36,8,386,"36_8",2
37,8,387,"37_8",2
38,8,388,"38_8",2
39,8,389,"39_8",2
40,8,390,"40_8",2
41,8,391,"41_8",2
42,8,392,"42_8",2
43,8,393,"43_8",2
44,8,394,"44_8",2
45,8,395,"45_8",2
46,8,396,"46_8",2
47,8,397,"47_8",2
48,8,398,"48_8",2
49,8,399,"49_8",2
50,8,400,"50_8",2
1,9,401,"1_9",2
2,9,402,"2_9",2
3,9,403,"3_9",2
4,9,404,"4_9",2
5,9,405,"5_9",2
6,9,406,"6_9",2
7,9,407,"7_9",2
8,9,408,"8_9",2
9,9,409,"9_9",2
10,9,410,"10_9",2
11,9,411,"11_9",2
12,9,412,"12_9",2
13,9,413,"13_9",2
14,9,414,"14_9",2
15,9,415,"15_9",2
16,9,416,"16_9",2
17,9,417,"17_9",2
18,9,418,"18_9",2
19,9,419,"19_9",2
20,9,420,"20_9",2
21,9,421,"21_9",2
22,9,422,"22_9",2
23,9,423,"23_9",2
24,9,424,"24_9",2
25,9,425,"25_9",2
26,9,426,"26_9",2
27,9,427,"27_9",2
28,9,428,"28_9",2
29,9,429,"29_9",2
30,9,430,"30_9",2
31,9,431,"31_9",2
32,9,432,"32_9",2
33,9,433,"33_9",2
34,9,434,"34_9",2
35,9,435,"35_9",2
36,9,436,"36_9",2
37,9,437,"37_9",2
38,9,438,"38_9",2
39,9,439,"39_9",2
40,9,440,"40_9",2
41,9,441,"41_9",2
42,9,442,"42_9",2
43,9,443,"43_9",2
44,9,444,"44_9",2
45,9,445,"45_9",2
46,9,446,"46_9",2
47,9,447,"47_9",2
48,9,448,"48_9",2
49,9,449,"49_9",2
50,9,450,"50_9",2
1,10,451,"1_10",2
2,10,452,"2_10",2
3,10,453,"3_10",2
4,10,454,"4_10",2
5,10,455,"5_10",2
6,10,456,"6_10",2
7,10,457,"7_10",2
8,10,458,"8_10",2
9,10,459,"9_10",2
10,10,460,"10_10",2
11,10,461,"11_10",2
12,10,462,"12_10",2
13,10,463,"13_10",2
14,10,464,"14_10",2
15,10,465,"15_10",2
16,10,466,"16_10",2
17,10,467,"17_10",2
18,10,468,"18_10",2
19,10,469,"19_10",2
20,10,470,"20_10",2
21,10,471,"21_10",2
22,10,472,"22_10",2
23,10,473,"23_10",2
24,10,474,"24_10",2
25,10,475,"25_10",2
26,10,476,"26_10",2
27,10,477,"27_10",2
28,10,478,"28_10",2
29,10,479,"29_10",2
30,10,480,"30_10",2
31,10,481,"31_10",2
32,10,482,"32_10",2
33,10,483,"33_10",2
34,10,484,"34_10",2
35,10,485,"35_10",2
36,10,486,"36_10",2
37,10,487,"37_10",2
38,10,488,"38_10",2
39,10,489,"39_10",2
40,10,490,"40_10",2
41,10,491,"41_10",2
42,10,492,"42_10",2
43,10,493,"43_10",2
44,10,494,"44_10",2
45,10,495,"45_10",2
46,10,496,"46_10",2
47,10,497,"47_10",2
48,10,498,"48_10",2
49,10,499,"49_10",2
50,10,500,"50_10",2
1,11,501,"1_11",2
2,11,502,"2_11",2
3,11,503,"3_11",2
4,11,504,"4_11",2
5,11,505,"5_11",2
6,11,506,"6_11",2
7,11,507,"7_11",2
8,11,508,"8_11",2
9,11,509,"9_11",2
10,11,510,"10_11",2
11,11,511,"11_11",2
12,11,512,"12_11",2
13,11,513,"13_11",2
14,11,514,"14_11",2
15,11,515,"15_11",2
16,11,516,"16_11",2
17,11,517,"17_11",2
18,11,518,"18_11",2
19,11,519,"19_11",2
20,11,520,"20_11",2
21,11,521,"21_11",2
22,11,522,"22_11",2
23,11,523,"23_11",2
24,11,524,"24_11",2
25,11,525,"25_11",2
26,11,526,"26_11",2
27,11,527,"27_11",2
28,11,528,"28_11",2
29,11,529,"29_11",2
30,11,530,"30_11",2
31,11,531,"31_11",2
32,11,532,"32_11",2
33,11,533,"33_11",2
34,11,534,"34_11",2
35,11,535,"35_11",2
36,11,536,"36_11",2
37,11,537,"37_11",2
38,11,538,"38_11",2
39,11,539,"39_11",2
40,11,540,"40_11",2
41,11,541,"41_11",2
42,11,542,"42_11",2
43,11,543,"43_11",2
44,11,544,"44_11",2
45,11,545,"45_11",2
46,11,546,"46_11",2
47,11,547,"47_11",2
48,11,548,"48_11",2
49,11,549,"49_11",2
50,11,550,"50_11",2
1,12,551,"1_12",2
2,12,552,"2_12",2
3,12,553,"3_12",2
4,12,554,"4_12",2
5,12,555,"5_12",2
6,12,556,"6_12",2
7,12,557,"7_12",2
8,12,558,"8_12",2
9,12,559,"9_12",2
10,12,560,"10_12",2
11,12,561,"11_12",2
12,12,562,"12_12",2
13,12,563,"13_12",2
14,12,564,"14_12",2
15,12,565,"15_12",2
16,12,566,"16_12",2
17,12,567,"17_12",2
18,12,568,"18_12",2
19,12,569,"19_12",2
20,12,570,"20_12",2
21,12,571,"21_12",2
22,12,572,"22_12",2
23,12,573,"23_12",2
24,12,574,"24_12",2
25,12,575,"25_12",2
26,12,576,"26_12",2
27,12,577,"27_12",2
28,12,578,"28_12",2
29,12,579,"29_12",2
30,12,580,"30_12",2
31,12,581,"31_12",2
32,12,582,"32_12",2
33,12,583,"33_12",2
34,12,584,"34_12",2
35,12,585,"35_12",2
36,12,586,"36_12",2
37,12,587,"37_12",2
38,12,588,"38_12",2
39,12,589,"39_12",2
40,12,590,"40_12",2
41,12,591,"41_12",2
42,12,592,"42_12",2
43,12,593,"43_12",2
44,12,594,"44_12",2
45,12,595,"45_12",2
46,12,596,"46_12",2
47,12,597,"47_12",2
48,12,598,"48_12",2
49,12,599,"49_12",2
50,12,600,"50_12",2
1,13,601,"1_13",2
2,13,602,"2_13",2
3,13,603,"3_13",2
4,13,604,"4_13",2
5,13,605,"5_13",2
6,13,606,"6_13",2
7,13,607,"7_13",2
8,13,608,"8_13",2
9,13,609,"9_13",2
10,13,610,"10_13",2
11,13,611,"11_13",2
12,13,612,"12_13",2
13,13,613,"13_13",2
14,13,614,"14_13",2
15,13,615,"15_13",2
16,13,616,"16_13",2
17,13,617,"17_13",2
18,13,618,"18_13",2
19,13,619,"19_13",2
20,13,620,"20_13",2
21,13,621,"21_13",2
22,13,622,"22_13",2
23,13,623,"23_13",2
24,13,624,"24_13",2
25,13,625,"25_13",2
26,13,626,"26_13",2
27,13,627,"27_13",2
28,13,628,"28_13",2
29,13,629,"29_13",2
30,13,630,"30_13",2
31,13,631,"31_13",2
32,13,632,"32_13",2
33,13,633,"33_13",2
34,13,634,"34_13",2
35,13,635,"35_13",2
36,13,636,"36_13",2
37,13,637,"37_13",2
38,13,638,"38_13",2
39,13,639,"39_13",2
40,13,640,"40_13",2
41,13,641,"41_13",2
42,13,642,"42_13",2
43,13,643,"43_13",2
44,13,644,"44_13",2
45,13,645,"45_13",2
46,13,646,"46_13",2
47,13,647,"47_13",2
48,13,648,"48_13",2
49,13,649,"49_13",2
50,13,650,"50_13",2
1,14,651,"1_14",2
2,14,652,"2_14",2
3,14,653,"3_14",2
4,14,654,"4_14",2
5,14,655,"5_14",2
6,14,656,"6_14",2
7,14,657,"7_14",2
8,14,658,"8_14",2
9,14,659,"9_14",2
10,14,660,"10_14",2
11,14,661,"11_14",2
12,14,662,"12_14",2
13,14,663,"13_14",2
14,14,664,"14_14",2
15,14,665,"15_14",2
16,14,666,"16_14",2
17,14,667,"17_14",2
18,14,668,"18_14",2
19,14,669,"19_14",2
20,14,670,"20_14",2
21,14,671,"21_14",2
22,14,672,"22_14",2
23,14,673,"23_14",2
24,14,674,"24_14",2
25,14,675,"25_14",2
26,14,676,"26_14",2
27,14,677,"27_14",2
28,14,678,"28_14",2
29,14,679,"29_14",2
30,14,680,"30_14",2
31,14,681,"31_14",2
32,14,682,"32_14",2
33,14,683,"33_14",2
34,14,684,"34_14",2
35,14,685,"35_14",2
36,14,686,"36_14",2
37,14,687,"37_14",2
38,14,688,"38_14",2
39,14,689,"39_14",2
40,14,690,"40_14",2
41,14,691,"41_14",2
42,14,692,"42_14",2
43,14,693,"43_14",2
44,14,694,"44_14",2
45,14,695,"45_14",2
46,14,696,"46_14",2
47,14,697,"47_14",2
48,14,698,"48_14",2
49,14,699,"49_14",2
50,14,700,"50_14",2
1,15,701,"1_15",2
2,15,702,"2_15",2
3,15,703,"3_15",2
4,15,704,"4_15",2
5,15,705,"5_15",2
6,15,706,"6_15",2
7,15,707,"7_15",2
8,15,708,"8_15",2
9,15,709,"9_15",2
10,15,710,"10_15",2
11,15,711,"11_15",2
12,15,712,"12_15",2
13,15,713,"13_15",2
14,15,714,"14_15",2
15,15,715,"15_15",2
16,15,716,"16_15",2
17,15,717,"17_15",2
18,15,718,"18_15",2
19,15,719,"19_15",2
20,15,720,"20_15",2
21,15,721,"21_15",2
22,15,722,"22_15",2
23,15,723,"23_15",2
24,15,724,"24_15",2
25,15,725,"25_15",2
26,15,726,"26_15",2
27,15,727,"27_15",2
28,15,728,"28_15",2
29,15,729,"29_15",2
30,15,730,"30_15",2
31,15,731,"31_15",2
32,15,732,"32_15",2
33,15,733,"33_15",2
34,15,734,"34_15",2
35,15,735,"35_15",2
36,15,736,"36_15",2
37,15,737,"37_15",2
38,15,738,"38_15",2
39,15,739,"39_15",2
40,15,740,"40_15",2
41,15,741,"41_15",2
42,15,742,"42_15",2
43,15,743,"43_15",2
44,15,744,"44_15",2
45,15,745,"45_15",2
46,15,746,"46_15",2
47,15,747,"47_15",2
48,15,748,"48_15",2
49,15,749,"49_15",2
50,15,750,"50_15",2
1,16,751,"1_16",2
2,16,752,"2_16",2
3,16,753,"3_16",2
4,16,754,"4_16",2
5,16,755,"5_16",2
6,16,756,"6_16",2
7,16,757,"7_16",2
8,16,758,"8_16",2
9,16,759,"9_16",2
10,16,760,"10_16",2
11,16,761,"11_16",2
12,16,762,"12_16",2
13,16,763,"13_16",2
14,16,764,"14_16",2
15,16,765,"15_16",2
16,16,766,"16_16",2
17,16,767,"17_16",2
18,16,768,"18_16",2
19,16,769,"19_16",2
20,16,770,"20_16",2
21,16,771,"21_16",2
22,16,772,"22_16",2
23,16,773,"23_16",2
24,16,774,"24_16",2
25,16,775,"25_16",2
26,16,776,"26_16",2
27,16,777,"27_16",2
28,16,778,"28_16",2
29,16,779,"29_16",2
30,16,780,"30_16",2
31,16,781,"31_16",2
32,16,782,"32_16",2
33,16,783,"33_16",2
34,16,784,"34_16",2
35,16,785,"35_16",2
36,16,786,"36_16",2
37,16,787,"37_16",2
38,16,788,"38_16",2
39,16,789,"39_16",2
40,16,790,"40_16",2
41,16,791,"41_16",2
42,16,792,"42_16",2
43,16,793,"43_16",2
44,16,794,"44_16",2
45,16,795,"45_16",2
46,16,796,"46_16",2
47,16,797,"47_16",2
48,16,798,"48_16",2
49,16,799,"49_16",2
50,16,800,"50_16",2
1,17,801,"1_17",2
2,17,802,"2_17",2
3,17,803,"3_17",2
4,17,804,"4_17",2
5,17,805,"5_17",2
6,17,806,"6_17",2
7,17,807,"7_17",2
8,17,808,"8_17",2
9,17,809,"9_17",2
10,17,810,"10_17",2
11,17,811,"11_17",2
12,17,812,"12_17",2
13,17,813,"13_17",2
14,17,814,"14_17",2
15,17,815,"15_17",2
16,17,816,"16_17",2
17,17,817,"17_17",2
18,17,818,"18_17",2
19,17,819,"19_17",2
20,17,820,"20_17",2
21,17,821,"21_17",2
22,17,822,"22_17",2
23,17,823,"23_17",2
24,17,824,"24_17",2
25,17,825,"25_17",2
26,17,826,"26_17",2
27,17,827,"27_17",2
28,17,828,"28_17",2
29,17,829,"29_17",2
30,17,830,"30_17",2
31,17,831,"31_17",2
32,17,832,"32_17",2
33,17,833,"33_17",2
34,17,834,"34_17",2
35,17,835,"35_17",2
36,17,836,"36_17",2
37,17,837,"37_17",2
38,17,838,"38_17",2
39,17,839,"39_17",2
40,17,840,"40_17",2
41,17,841,"41_17",2
42,17,842,"42_17",2
43,17,843,"43_17",2
44,17,844,"44_17",2
45,17,845,"45_17",2
46,17,846,"46_17",2
47,17,847,"47_17",2
48,17,848,"48_17",2
49,17,849,"49_17",2
50,17,850,"50_17",2
1,18,851,"1_18",2
2,18,852,"2_18",2
3,18,853,"3_18",2
4,18,854,"4_18",2
5,18,855,"5_18",2
6,18,856,"6_18",2
7,18,857,"7_18",2
8,18,858,"8_18",2
9,18,859,"9_18",2
10,18,860,"10_18",2
11,18,861,"11_18",2
12,18,862,"12_18",2
13,18,863,"13_18",2
14,18,864,"14_18",2
15,18,865,"15_18",2
16,18,866,"16_18",2
17,18,867,"17_18",2
18,18,868,"18_18",2
19,18,869,"19_18",2
20,18,870,"20_18",2
21,18,871,"21_18",2
22,18,872,"22_18",2
23,18,873,"23_18",2
24,18,874,"24_18",2
25,18,875,"25_18",2
26,18,876,"26_18",2
27,18,877,"27_18",2
28,18,878,"28_18",2
29,18,879,"29_18",2
30,18,880,"30_18",2
31,18,881,"31_18",2
32,18,882,"32_18",2
33,18,883,"33_18",2
34,18,884,"34_18",2
35,18,885,"35_18",2
36,18,886,"36_18",2
37,18,887,"37_18",2
38,18,888,"38_18",2
39,18,889,"39_18",2
40,18,890,"40_18",2
41,18,891,"41_18",2
42,18,892,"42_18",2
43,18,893,"43_18",2
44,18,894,"44_18",2
45,18,895,"45_18",2
46,18,896,"46_18",2
47,18,897,"47_18",2
48,18,898,"48_18",2
49,18,899,"49_18",2
50,18,900,"50_18",2
1,19,901,"1_19",2
2,19,902,"2_19",2
3,19,903,"3_19",2
4,19,904,"4_19",2
5,19,905,"5_19",2
6,19,906,"6_19",2
7,19,907,"7_19",2
8,19,908,"8_19",2
9,19,909,"9_19",2
10,19,910,"10_19",2
11,19,911,"11_19",2
12,19,912,"12_19",2
13,19,913,"13_19",2
14,19,914,"14_19",2
15,19,915,"15_19",2
16,19,916,"16_19",2
17,19,917,"17_19",2
18,19,918,"18_19",2
19,19,919,"19_19",2
20,19,920,"20_19",2
21,19,921,"21_19",2
22,19,922,"22_19",2
23,19,923,"23_19",2
24,19,924,"24_19",2
25,19,925,"25_19",2
26,19,926,"26_19",2
27,19,927,"27_19",2
28,19,928,"28_19",2
29,19,929,"29_19",2
30,19,930,"30_19",2
31,19,931,"31_19",2
32,19,932,"32_19",2
33,19,933,"33_19",2
34,19,934,"34_19",2
35,19,935,"35_19",2
36,19,936,"36_19",2
37,19,937,"37_19",2
38,19,938,"38_19",2
39,19,939,"39_19",2
40,19,940,"40_19",2
41,19,941,"41_19",2
42,19,942,"42_19",2
43,19,943,"43_19",2
44,19,944,"44_19",2
45,19,945,"45_19",2
46,19,946,"46_19",2
47,19,947,"47_19",2
48,19,948,"48_19",2
49,19,949,"49_19",2
50,19,950,"50_19",2
1,20,951,"1_20",2
2,20,952,"2_20",2
3,20,953,"3_20",2
4,20,954,"4_20",2
5,20,955,"5_20",2
6,20,956,"6_20",2
7,20,957,"7_20",2
8,20,958,"8_20",2
9,20,959,"9_20",2
10,20,960,"10_20",2
11,20,961,"11_20",2
12,20,962,"12_20",2
13,20,963,"13_20",2
14,20,964,"14_20",2
15,20,965,"15_20",2
16,20,966,"16_20",2
17,20,967,"17_20",2
18,20,968,"18_20",2
19,20,969,"19_20",2
20,20,970,"20_20",2
21,20,971,"21_20",2
22,20,972,"22_20",2
23,20,973,"23_20",2
24,20,974,"24_20",2
25,20,975,"25_20",2
26,20,976,"26_20",2
27,20,977,"27_20",2
28,20,978,"28_20",2
29,20,979,"29_20",2
30,20,980,"30_20",2
31,20,981,"31_20",2
32,20,982,"32_20",2
33,20,983,"33_20",2
34,20,984,"34_20",2
35,20,985,"35_20",2
36,20,986,"36_20",2
37,20,987,"37_20",2
38,20,988,"38_20",2
39,20,989,"39_20",2
40,20,990,"40_20",2
41,20,991,"41_20",2
42,20,992,"42_20",2
43,20,993,"43_20",2
44,20,994,"44_20",2
45,20,995,"45_20",2
46,20,996,"46_20",2
47,20,997,"47_20",2
48,20,998,"48_20",2
49,20,999,"49_20",2
50,20,1000,"50_20",2
1,21,1001,"1_21",2
2,21,1002,"2_21",2
3,21,1003,"3_21",2
4,21,1004,"4_21",2
5,21,1005,"5_21",2
6,21,1006,"6_21",2
7,21,1007,"7_21",2
8,21,1008,"8_21",2
9,21,1009,"9_21",2
10,21,1010,"10_21",2
11,21,1011,"11_21",2
12,21,1012,"12_21",2
13,21,1013,"13_21",2
14,21,1014,"14_21",2
15,21,1015,"15_21",2
16,21,1016,"16_21",2
17,21,1017,"17_21",2
18,21,1018,"18_21",2
19,21,1019,"19_21",2
20,21,1020,"20_21",2
21,21,1021,"21_21",2
22,21,1022,"22_21",2
23,21,1023,"23_21",2
24,21,1024,"24_21",2
25,21,1025,"25_21",2
26,21,1026,"26_21",2
27,21,1027,"27_21",2
28,21,1028,"28_21",2
29,21,1029,"29_21",2
30,21,1030,"30_21",2
31,21,1031,"31_21",2
32,21,1032,"32_21",2
33,21,1033,"33_21",2
34,21,1034,"34_21",2
35,21,1035,"35_21",2
36,21,1036,"36_21",2
37,21,1037,"37_21",2
38,21,1038,"38_21",2
39,21,1039,"39_21",2
40,21,1040,"40_21",2
41,21,1041,"41_21",2
42,21,1042,"42_21",2
43,21,1043,"43_21",2
44,21,1044,"44_21",2
45,21,1045,"45_21",2
46,21,1046,"46_21",2
47,21,1047,"47_21",2
48,21,1048,"48_21",2
49,21,1049,"49_21",2
50,21,1050,"50_21",2
1,22,1051,"1_22",2
2,22,1052,"2_22",2
3,22,1053,"3_22",2
4,22,1054,"4_22",2
5,22,1055,"5_22",2
6,22,1056,"6_22",2
7,22,1057,"7_22",2
8,22,1058,"8_22",2
9,22,1059,"9_22",2
10,22,1060,"10_22",2
11,22,1061,"11_22",2
12,22,1062,"12_22",2
13,22,1063,"13_22",2
14,22,1064,"14_22",2
15,22,1065,"15_22",2
16,22,1066,"16_22",2
17,22,1067,"17_22",2
18,22,1068,"18_22",2
19,22,1069,"19_22",2
20,22,1070,"20_22",2
21,22,1071,"21_22",2
22,22,1072,"22_22",2
23,22,1073,"23_22",2
24,22,1074,"24_22",2
25,22,1075,"25_22",2
26,22,1076,"26_22",2
27,22,1077,"27_22",2
28,22,1078,"28_22",2
29,22,1079,"29_22",2
30,22,1080,"30_22",2
31,22,1081,"31_22",2
32,22,1082,"32_22",2
33,22,1083,"33_22",2
34,22,1084,"34_22",2
35,22,1085,"35_22",2
36,22,1086,"36_22",2
37,22,1087,"37_22",2
38,22,1088,"38_22",2
39,22,1089,"39_22",2
40,22,1090,"40_22",2
41,22,1091,"41_22",2
42,22,1092,"42_22",2
43,22,1093,"43_22",2
44,22,1094,"44_22",2
45,22,1095,"45_22",2
46,22,1096,"46_22",2
47,22,1097,"47_22",2
48,22,1098,"48_22",2
49,22,1099,"49_22",2
50,22,1100,"50_22",2
1,23,1101,"1_23",2
2,23,1102,"2_23",2
3,23,1103,"3_23",2
4,23,1104,"4_23",2
5,23,1105,"5_23",2
6,23,1106,"6_23",2
7,23,1107,"7_23",2
8,23,1108,"8_23",2
9,23,1109,"9_23",2
10,23,1110,"10_23",2
11,23,1111,"11_23",2
12,23,1112,"12_23",2
13,23,1113,"13_23",2
14,23,1114,"14_23",2
15,23,1115,"15_23",2
16,23,1116,"16_23",2
17,23,1117,"17_23",2
18,23,1118,"18_23",2
19,23,1119,"19_23",2
20,23,1120,"20_23",2
21,23,1121,"21_23",2
22,23,1122,"22_23",2
23,23,1123,"23_23",2
24,23,1124,"24_23",2
25,23,1125,"25_23",2
26,23,1126,"26_23",2
27,23,1127,"27_23",2
28,23,1128,"28_23",2
29,23,1129,"29_23",2
30,23,1130,"30_23",2
31,23,1131,"31_23",2
32,23,1132,"32_23",2
33,23,1133,"33_23",2
34,23,1134,"34_23",2
35,23,1135,"35_23",2
36,23,1136,"36_23",2
37,23,1137,"37_23",2
38,23,1138,"38_23",2
39,23,1139,"39_23",2
40,23,1140,"40_23",2
41,23,1141,"41_23",2
42,23,1142,"42_23",2
43,23,1143,"43_23",2
44,23,1144,"44_23",2
45,23,1145,"45_23",2
46,23,1146,"46_23",2
47,23,1147,"47_23",2
48,23,1148,"48_23",2
49,23,1149,"49_23",2
50,23,1150,"50_23",2
1,24,1151,"1_24",2
2,24,1152,"2_24",2
3,24,1153,"3_24",2
4,24,1154,"4_24",2
5,24,1155,"5_24",2
6,24,1156,"6_24",2
7,24,1157,"7_24",2
8,24,1158,"8_24",2
9,24,1159,"9_24",2
10,24,1160,"10_24",2
11,24,1161,"11_24",2
12,24,1162,"12_24",2
13,24,1163,"13_24",2
14,24,1164,"14_24",2
15,24,1165,"15_24",2
16,24,1166,"16_24",2
17,24,1167,"17_24",2
18,24,1168,"18_24",2
19,24,1169,"19_24",2
20,24,1170,"20_24",2
21,24,1171,"21_24",2
22,24,1172,"22_24",2
23,24,1173,"23_24",2
24,24,1174,"24_24",2
25,24,1175,"25_24",2
26,24,1176,"26_24",2
27,24,1177,"27_24",2
28,24,1178,"28_24",2
29,24,1179,"29_24",2
30,24,1180,"30_24",2
31,24,1181,"31_24",2
32,24,1182,"32_24",2
33,24,1183,"33_24",2
34,24,1184,"34_24",2
35,24,1185,"35_24",2
36,24,1186,"36_24",2
37,24,1187,"37_24",2
38,24,1188,"38_24",2
39,24,1189,"39_24",2
40,24,1190,"40_24",2
41,24,1191,"41_24",2
42,24,1192,"42_24",2
43,24,1193,"43_24",2
44,24,1194,"44_24",2
45,24,1195,"45_24",2
46,24,1196,"46_24",2
47,24,1197,"47_24",2
48,24,1198,"48_24",2
49,24,1199,"49_24",2
50,24,1200,"50_24",2
1,25,1201,"1_25",2
2,25,1202,"2_25",2
3,25,1203,"3_25",2
4,25,1204,"4_25",2
5,25,1205,"5_25",2
6,25,1206,"6_25",2
7,25,1207,"7_25",2
8,25,1208,"8_25",2
9,25,1209,"9_25",2
10,25,1210,"10_25",2
11,25,1211,"11_25",2
12,25,1212,"12_25",2
13,25,1213,"13_25",2
14,25,1214,"14_25",2
15,25,1215,"15_25",2
16,25,1216,"16_25",2
17,25,1217,"17_25",2
18,25,1218,"18_25",2
19,25,1219,"19_25",2
20,25,1220,"20_25",2
21,25,1221,"21_25",2
22,25,1222,"22_25",2
23,25,1223,"23_25",2
24,25,1224,"24_25",2
25,25,1225,"25_25",2
26,25,1226,"26_25",2
27,25,1227,"27_25",2
28,25,1228,"28_25",2
29,25,1229,"29_25",2
30,25,1230,"30_25",2
31,25,1231,"31_25",2
32,25,1232,"32_25",2
33,25,1233,"33_25",2
34,25,1234,"34_25",2
35,25,1235,"35_25",2
36,25,1236,"36_25",2
37,25,1237,"37_25",2
38,25,1238,"38_25",2
39,25,1239,"39_25",2
40,25,1240,"40_25",2
41,25,1241,"41_25",2
42,25,1242,"42_25",2
43,25,1243,"43_25",2
44,25,1244,"44_25",2
45,25,1245,"45_25",2
46,25,1246,"46_25",2
47,25,1247,"47_25",2
48,25,1248,"48_25",2
49,25,1249,"49_25",2
50,25,1250,"50_25",2
1,26,1251,"1_26",2
2,26,1252,"2_26",2
3,26,1253,"3_26",2
4,26,1254,"4_26",2
5,26,1255,"5_26",2
6,26,1256,"6_26",2
7,26,1257,"7_26",2
8,26,1258,"8_26",2
9,26,1259,"9_26",2
10,26,1260,"10_26",2
11,26,1261,"11_26",2
12,26,1262,"12_26",2
13,26,1263,"13_26",2
14,26,1264,"14_26",2
15,26,1265,"15_26",2
16,26,1266,"16_26",2
17,26,1267,"17_26",2
18,26,1268,"18_26",2
19,26,1269,"19_26",2
20,26,1270,"20_26",2
21,26,1271,"21_26",2
22,26,1272,"22_26",2
23,26,1273,"23_26",2
24,26,1274,"24_26",2
25,26,1275,"25_26",2
26,26,1276,"26_26",2
27,26,1277,"27_26",2
28,26,1278,"28_26",2
29,26,1279,"29_26",2
30,26,1280,"30_26",2
31,26,1281,"31_26",2
32,26,1282,"32_26",2
33,26,1283,"33_26",2
34,26,1284,"34_26",2
35,26,1285,"35_26",2
36,26,1286,"36_26",2
37,26,1287,"37_26",2
38,26,1288,"38_26",2
39,26,1289,"39_26",2
40,26,1290,"40_26",2
41,26,1291,"41_26",2
42,26,1292,"42_26",2
43,26,1293,"43_26",2
44,26,1294,"44_26",2
45,26,1295,"45_26",2
46,26,1296,"46_26",2
47,26,1297,"47_26",2
48,26,1298,"48_26",2
49,26,1299,"49_26",2
50,26,1300,"50_26",2
1,27,1301,"1_27",2
2,27,1302,"2_27",2
3,27,1303,"3_27",2
4,27,1304,"4_27",2
5,27,1305,"5_27",2
6,27,1306,"6_27",2
7,27,1307,"7_27",2
8,27,1308,"8_27",2
9,27,1309,"9_27",2
10,27,1310,"10_27",2
11,27,1311,"11_27",2
12,27,1312,"12_27",2
13,27,1313,"13_27",2
14,27,1314,"14_27",2
15,27,1315,"15_27",2
16,27,1316,"16_27",2
17,27,1317,"17_27",2
18,27,1318,"18_27",2
19,27,1319,"19_27",2
20,27,1320,"20_27",2
21,27,1321,"21_27",2
22,27,1322,"22_27",2
23,27,1323,"23_27",2
24,27,1324,"24_27",2
25,27,1325,"25_27",2
26,27,1326,"26_27",2
27,27,1327,"27_27",2
28,27,1328,"28_27",2
29,27,1329,"29_27",2
30,27,1330,"30_27",2
31,27,1331,"31_27",2
32,27,1332,"32_27",2
33,27,1333,"33_27",2
34,27,1334,"34_27",2
35,27,1335,"35_27",2
36,27,1336,"36_27",2
37,27,1337,"37_27",2
38,27,1338,"38_27",2
39,27,1339,"39_27",2
40,27,1340,"40_27",2
41,27,1341,"41_27",2
42,27,1342,"42_27",2
43,27,1343,"43_27",2
44,27,1344,"44_27",2
45,27,1345,"45_27",2
46,27,1346,"46_27",2
47,27,1347,"47_27",2
48,27,1348,"48_27",2
49,27,1349,"49_27",2
50,27,1350,"50_27",2
1,28,1351,"1_28",2
2,28,1352,"2_28",2
3,28,1353,"3_28",2
4,28,1354,"4_28",2
5,28,1355,"5_28",2
6,28,1356,"6_28",2
7,28,1357,"7_28",2
8,28,1358,"8_28",2
9,28,1359,"9_28",2
10,28,1360,"10_28",2
11,28,1361,"11_28",2
12,28,1362,"12_28",2
13,28,1363,"13_28",2
14,28,1364,"14_28",2
15,28,1365,"15_28",2
16,28,1366,"16_28",2
17,28,1367,"17_28",2
18,28,1368,"18_28",2
19,28,1369,"19_28",2
20,28,1370,"20_28",2
21,28,1371,"21_28",2
22,28,1372,"22_28",2
23,28,1373,"23_28",2
24,28,1374,"24_28",2
25,28,1375,"25_28",2
26,28,1376,"26_28",2
27,28,1377,"27_28",2
28,28,1378,"28_28",2
29,28,1379,"29_28",2
30,28,1380,"30_28",2
31,28,1381,"31_28",2
32,28,1382,"32_28",2
33,28,1383,"33_28",2
34,28,1384,"34_28",2
35,28,1385,"35_28",2
36,28,1386,"36_28",2
37,28,1387,"37_28",2
38,28,1388,"38_28",2
39,28,1389,"39_28",2
40,28,1390,"40_28",2
41,28,1391,"41_28",2
42,28,1392,"42_28",2
43,28,1393,"43_28",2
44,28,1394,"44_28",2
45,28,1395,"45_28",2
46,28,1396,"46_28",2
47,28,1397,"47_28",2
48,28,1398,"48_28",2
49,28,1399,"49_28",2
50,28,1400,"50_28",2
1,29,1401,"1_29",2
2,29,1402,"2_29",2
3,29,1403,"3_29",2
4,29,1404,"4_29",2
5,29,1405,"5_29",2
6,29,1406,"6_29",2
7,29,1407,"7_29",2
8,29,1408,"8_29",2
9,29,1409,"9_29",2
10,29,1410,"10_29",2
11,29,1411,"11_29",2
12,29,1412,"12_29",2
13,29,1413,"13_29",2
14,29,1414,"14_29",2
15,29,1415,"15_29",2
16,29,1416,"16_29",2
17,29,1417,"17_29",2
18,29,1418,"18_29",2
19,29,1419,"19_29",2
20,29,1420,"20_29",2
21,29,1421,"21_29",2
22,29,1422,"22_29",2
23,29,1423,"23_29",2
24,29,1424,"24_29",2
25,29,1425,"25_29",2
26,29,1426,"26_29",2
27,29,1427,"27_29",2
28,29,1428,"28_29",2
29,29,1429,"29_29",2
30,29,1430,"30_29",2
31,29,1431,"31_29",2
32,29,1432,"32_29",2
33,29,1433,"33_29",2
34,29,1434,"34_29",2
35,29,1435,"35_29",2
36,29,1436,"36_29",2
37,29,1437,"37_29",2
38,29,1438,"38_29",2
39,29,1439,"39_29",2
40,29,1440,"40_29",2
41,29,1441,"41_29",2
42,29,1442,"42_29",2
43,29,1443,"43_29",2
44,29,1444,"44_29",2
45,29,1445,"45_29",2
46,29,1446,"46_29",2
47,29,1447,"47_29",2
48,29,1448,"48_29",2
49,29,1449,"49_29",2
50,29,1450,"50_29",2
1,30,1451,"1_30",2
2,30,1452,"2_30",2
3,30,1453,"3_30",2
4,30,1454,"4_30",2
5,30,1455,"5_30",2
6,30,1456,"6_30",2
7,30,1457,"7_30",2
8,30,1458,"8_30",2
9,30,1459,"9_30",2
10,30,1460,"10_30",2
11,30,1461,"11_30",2
12,30,1462,"12_30",2
13,30,1463,"13_30",2
14,30,1464,"14_30",2
15,30,1465,"15_30",2
16,30,1466,"16_30",2
17,30,1467,"17_30",2
18,30,1468,"18_30",2
19,30,1469,"19_30",2
20,30,1470,"20_30",2
21,30,1471,"21_30",2
22,30,1472,"22_30",2
23,30,1473,"23_30",2
24,30,1474,"24_30",2
25,30,1475,"25_30",2
26,30,1476,"26_30",2
27,30,1477,"27_30",2
28,30,1478,"28_30",2
29,30,1479,"29_30",2
30,30,1480,"30_30",2
31,30,1481,"31_30",2
32,30,1482,"32_30",2
33,30,1483,"33_30",2
34,30,1484,"34_30",2
35,30,1485,"35_30",2
36,30,1486,"36_30",2
37,30,1487,"37_30",2
38,30,1488,"38_30",2
39,30,1489,"39_30",2
40,30,1490,"40_30",2
41,30,1491,"41_30",2
42,30,1492,"42_30",2
43,30,1493,"43_30",2
44,30,1494,"44_30",2
45,30,1495,"45_30",2
46,30,1496,"46_30",2
47,30,1497,"47_30",2
48,30,1498,"48_30",2
49,30,1499,"49_30",2
50,30,1500,"50_30",2
1,31,1501,"1_31",2
2,31,1502,"2_31",2
3,31,1503,"3_31",2
4,31,1504,"4_31",2
5,31,1505,"5_31",2
6,31,1506,"6_31",2
7,31,1507,"7_31",2
8,31,1508,"8_31",2
9,31,1509,"9_31",2
10,31,1510,"10_31",2
11,31,1511,"11_31",2
12,31,1512,"12_31",2
13,31,1513,"13_31",2
14,31,1514,"14_31",2
15,31,1515,"15_31",2
16,31,1516,"16_31",2
17,31,1517,"17_31",2
18,31,1518,"18_31",2
19,31,1519,"19_31",2
20,31,1520,"20_31",2
21,31,1521,"21_31",2
22,31,1522,"22_31",2
23,31,1523,"23_31",2
24,31,1524,"24_31",2
25,31,1525,"25_31",2
26,31,1526,"26_31",2
27,31,1527,"27_31",2
28,31,1528,"28_31",2
29,31,1529,"29_31",2
30,31,1530,"30_31",2
31,31,1531,"31_31",2
32,31,1532,"32_31",2
33,31,1533,"33_31",2
34,31,1534,"34_31",2
35,31,1535,"35_31",2
36,31,1536,"36_31",2
37,31,1537,"37_31",2
38,31,1538,"38_31",2
39,31,1539,"39_31",2
40,31,1540,"40_31",2
41,31,1541,"41_31",2
42,31,1542,"42_31",2
43,31,1543,"43_31",2
44,31,1544,"44_31",2
45,31,1545,"45_31",2
46,31,1546,"46_31",2
47,31,1547,"47_31",2
48,31,1548,"48_31",2
49,31,1549,"49_31",2
50,31,1550,"50_31",2
1,32,1551,"1_32",2
2,32,1552,"2_32",2
3,32,1553,"3_32",2
4,32,1554,"4_32",2
5,32,1555,"5_32",2
6,32,1556,"6_32",2
7,32,1557,"7_32",2
8,32,1558,"8_32",2
9,32,1559,"9_32",2
10,32,1560,"10_32",2
11,32,1561,"11_32",2
12,32,1562,"12_32",2
13,32,1563,"13_32",2
14,32,1564,"14_32",2
15,32,1565,"15_32",2
16,32,1566,"16_32",2
17,32,1567,"17_32",2
18,32,1568,"18_32",2
19,32,1569,"19_32",2
20,32,1570,"20_32",2
21,32,1571,"21_32",2
22,32,1572,"22_32",2
23,32,1573,"23_32",2
24,32,1574,"24_32",2
25,32,1575,"25_32",2
26,32,1576,"26_32",2
27,32,1577,"27_32",2
28,32,1578,"28_32",2
29,32,1579,"29_32",2
30,32,1580,"30_32",2
31,32,1581,"31_32",2
32,32,1582,"32_32",2
33,32,1583,"33_32",2
34,32,1584,"34_32",2
35,32,1585,"35_32",2
36,32,1586,"36_32",2
37,32,1587,"37_32",2
38,32,1588,"38_32",2
39,32,1589,"39_32",2
40,32,1590,"40_32",2
41,32,1591,"41_32",2
42,32,1592,"42_32",2
43,32,1593,"43_32",2
44,32,1594,"44_32",2
45,32,1595,"45_32",2
46,32,1596,"46_32",2
47,32,1597,"47_32",2
48,32,1598,"48_32",2
49,32,1599,"49_32",2
50,32,1600,"50_32",2
1,33,1601,"1_33",2
2,33,1602,"2_33",2
3,33,1603,"3_33",2
4,33,1604,"4_33",2
5,33,1605,"5_33",2
6,33,1606,"6_33",2
7,33,1607,"7_33",2
8,33,1608,"8_33",2
9,33,1609,"9_33",2
10,33,1610,"10_33",2
11,33,1611,"11_33",2
12,33,1612,"12_33",2
13,33,1613,"13_33",2
14,33,1614,"14_33",2
15,33,1615,"15_33",2
16,33,1616,"16_33",2
17,33,1617,"17_33",2
18,33,1618,"18_33",2
19,33,1619,"19_33",2
20,33,1620,"20_33",2
21,33,1621,"21_33",2
22,33,1622,"22_33",2
23,33,1623,"23_33",2
24,33,1624,"24_33",2
25,33,1625,"25_33",2
26,33,1626,"26_33",2
27,33,1627,"27_33",2
28,33,1628,"28_33",2
29,33,1629,"29_33",2
30,33,1630,"30_33",2
31,33,1631,"31_33",2
32,33,1632,"32_33",2
33,33,1633,"33_33",2
34,33,1634,"34_33",2
35,33,1635,"35_33",2
36,33,1636,"36_33",2
37,33,1637,"37_33",2
38,33,1638,"38_33",2
39,33,1639,"39_33",2
40,33,1640,"40_33",2
41,33,1641,"41_33",2
42,33,1642,"42_33",2
43,33,1643,"43_33",2
44,33,1644,"44_33",2
45,33,1645,"45_33",2
46,33,1646,"46_33",2
47,33,1647,"47_33",2
48,33,1648,"48_33",2
49,33,1649,"49_33",2
50,33,1650,"50_33",2
1,34,1651,"1_34",2
2,34,1652,"2_34",2
3,34,1653,"3_34",2
4,34,1654,"4_34",2
5,34,1655,"5_34",2
6,34,1656,"6_34",2
7,34,1657,"7_34",2
8,34,1658,"8_34",2
9,34,1659,"9_34",2
10,34,1660,"10_34",2
11,34,1661,"11_34",2
12,34,1662,"12_34",2
13,34,1663,"13_34",2
14,34,1664,"14_34",2
15,34,1665,"15_34",2
16,34,1666,"16_34",2
17,34,1667,"17_34",2
18,34,1668,"18_34",2
19,34,1669,"19_34",2
20,34,1670,"20_34",2
21,34,1671,"21_34",2
22,34,1672,"22_34",2
23,34,1673,"23_34",2
24,34,1674,"24_34",2
25,34,1675,"25_34",2
26,34,1676,"26_34",2
27,34,1677,"27_34",2
28,34,1678,"28_34",2
29,34,1679,"29_34",2
30,34,1680,"30_34",2
31,34,1681,"31_34",2
32,34,1682,"32_34",2
33,34,1683,"33_34",2
34,34,1684,"34_34",2
35,34,1685,"35_34",2
36,34,1686,"36_34",2
37,34,1687,"37_34",2
38,34,1688,"38_34",2
39,34,1689,"39_34",2
40,34,1690,"40_34",2
41,34,1691,"41_34",2
42,34,1692,"42_34",2
43,34,1693,"43_34",2
44,34,1694,"44_34",2
45,34,1695,"45_34",2
46,34,1696,"46_34",2
47,34,1697,"47_34",2
48,34,1698,"48_34",2
49,34,1699,"49_34",2
50,34,1700,"50_34",2
1,35,1701,"1_35",2
2,35,1702,"2_35",2
3,35,1703,"3_35",2
4,35,1704,"4_35",2
5,35,1705,"5_35",2
6,35,1706,"6_35",2
7,35,1707,"7_35",2
8,35,1708,"8_35",2
9,35,1709,"9_35",2
10,35,1710,"10_35",2
11,35,1711,"11_35",2
12,35,1712,"12_35",2
13,35,1713,"13_35",2
14,35,1714,"14_35",2
15,35,1715,"15_35",2
16,35,1716,"16_35",2
17,35,1717,"17_35",2
18,35,1718,"18_35",2
19,35,1719,"19_35",2
20,35,1720,"20_35",2
21,35,1721,"21_35",2
22,35,1722,"22_35",2
23,35,1723,"23_35",2
24,35,1724,"24_35",2
25,35,1725,"25_35",2
26,35,1726,"26_35",2
27,35,1727,"27_35",2
28,35,1728,"28_35",2
29,35,1729,"29_35",2
30,35,1730,"30_35",2
31,35,1731,"31_35",2
32,35,1732,"32_35",2
33,35,1733,"33_35",2
34,35,1734,"34_35",2
35,35,1735,"35_35",2
36,35,1736,"36_35",2
37,35,1737,"37_35",2
38,35,1738,"38_35",2
39,35,1739,"39_35",2
40,35,1740,"40_35",2
41,35,1741,"41_35",2
42,35,1742,"42_35",2
43,35,1743,"43_35",2
44,35,1744,"44_35",2
45,35,1745,"45_35",2
46,35,1746,"46_35",2
47,35,1747,"47_35",2
48,35,1748,"48_35",2
49,35,1749,"49_35",2
50,35,1750,"50_35",2
1,36,1751,"1_36",2
2,36,1752,"2_36",2
3,36,1753,"3_36",2
4,36,1754,"4_36",2
5,36,1755,"5_36",2
6,36,1756,"6_36",2
7,36,1757,"7_36",2
8,36,1758,"8_36",2
9,36,1759,"9_36",2
10,36,1760,"10_36",2
11,36,1761,"11_36",2
12,36,1762,"12_36",2
13,36,1763,"13_36",2
14,36,1764,"14_36",2
15,36,1765,"15_36",2
16,36,1766,"16_36",2
17,36,1767,"17_36",2
18,36,1768,"18_36",2
19,36,1769,"19_36",2
20,36,1770,"20_36",2
21,36,1771,"21_36",2
22,36,1772,"22_36",2
23,36,1773,"23_36",2
24,36,1774,"24_36",2
25,36,1775,"25_36",2
26,36,1776,"26_36",2
27,36,1777,"27_36",2
28,36,1778,"28_36",2
29,36,1779,"29_36",2
30,36,1780,"30_36",2
31,36,1781,"31_36",2
32,36,1782,"32_36",2
33,36,1783,"33_36",2
34,36,1784,"34_36",2
35,36,1785,"35_36",2
36,36,1786,"36_36",2
37,36,1787,"37_36",2
38,36,1788,"38_36",2
39,36,1789,"39_36",2
40,36,1790,"40_36",2
41,36,1791,"41_36",2
42,36,1792,"42_36",2
43,36,1793,"43_36",2
44,36,1794,"44_36",2
45,36,1795,"45_36",2
46,36,1796,"46_36",2
47,36,1797,"47_36",2
48,36,1798,"48_36",2
49,36,1799,"49_36",2
50,36,1800,"50_36",2
1,37,1801,"1_37",2
2,37,1802,"2_37",2
3,37,1803,"3_37",2
4,37,1804,"4_37",2
5,37,1805,"5_37",2
6,37,1806,"6_37",2
7,37,1807,"7_37",2
8,37,1808,"8_37",2
9,37,1809,"9_37",2
10,37,1810,"10_37",2
11,37,1811,"11_37",2
12,37,1812,"12_37",2
13,37,1813,"13_37",2
14,37,1814,"14_37",2
15,37,1815,"15_37",2
16,37,1816,"16_37",2
17,37,1817,"17_37",2
18,37,1818,"18_37",2
19,37,1819,"19_37",2
20,37,1820,"20_37",2
21,37,1821,"21_37",2
22,37,1822,"22_37",2
23,37,1823,"23_37",2
24,37,1824,"24_37",2
25,37,1825,"25_37",2
26,37,1826,"26_37",2
27,37,1827,"27_37",2
28,37,1828,"28_37",2
29,37,1829,"29_37",2
30,37,1830,"30_37",2
31,37,1831,"31_37",2
32,37,1832,"32_37",2
33,37,1833,"33_37",2
34,37,1834,"34_37",2
35,37,1835,"35_37",2
36,37,1836,"36_37",2
37,37,1837,"37_37",2
38,37,1838,"38_37",2
39,37,1839,"39_37",2
40,37,1840,"40_37",2
41,37,1841,"41_37",2
42,37,1842,"42_37",2
43,37,1843,"43_37",2
44,37,1844,"44_37",2
45,37,1845,"45_37",2
46,37,1846,"46_37",2
47,37,1847,"47_37",2
48,37,1848,"48_37",2
49,37,1849,"49_37",2
50,37,1850,"50_37",2
1,38,1851,"1_38",2
2,38,1852,"2_38",2
3,38,1853,"3_38",2
4,38,1854,"4_38",2
5,38,1855,"5_38",2
6,38,1856,"6_38",2
7,38,1857,"7_38",2
8,38,1858,"8_38",2
9,38,1859,"9_38",2
10,38,1860,"10_38",2
11,38,1861,"11_38",2
12,38,1862,"12_38",2
13,38,1863,"13_38",2
14,38,1864,"14_38",2
15,38,1865,"15_38",2
16,38,1866,"16_38",2
17,38,1867,"17_38",2
18,38,1868,"18_38",2
19,38,1869,"19_38",2
20,38,1870,"20_38",2
21,38,1871,"21_38",2
22,38,1872,"22_38",2
23,38,1873,"23_38",2
24,38,1874,"24_38",2
25,38,1875,"25_38",2
26,38,1876,"26_38",2
27,38,1877,"27_38",2
28,38,1878,"28_38",2
29,38,1879,"29_38",2
30,38,1880,"30_38",2
31,38,1881,"31_38",2
32,38,1882,"32_38",2
33,38,1883,"33_38",2
34,38,1884,"34_38",2
35,38,1885,"35_38",2
36,38,1886,"36_38",2
37,38,1887,"37_38",2
38,38,1888,"38_38",2
39,38,1889,"39_38",2
40,38,1890,"40_38",2
41,38,1891,"41_38",2
42,38,1892,"42_38",2
43,38,1893,"43_38",2
44,38,1894,"44_38",2
45,38,1895,"45_38",2
46,38,1896,"46_38",2
47,38,1897,"47_38",2
48,38,1898,"48_38",2
49,38,1899,"49_38",2
50,38,1900,"50_38",2
1,39,1901,"1_39",2
2,39,1902,"2_39",2
3,39,1903,"3_39",2
4,39,1904,"4_39",2
5,39,1905,"5_39",2
6,39,1906,"6_39",2
7,39,1907,"7_39",2
8,39,1908,"8_39",2
9,39,1909,"9_39",2
10,39,1910,"10_39",2
11,39,1911,"11_39",2
12,39,1912,"12_39",2
13,39,1913,"13_39",2
14,39,1914,"14_39",2
15,39,1915,"15_39",2
16,39,1916,"16_39",2
17,39,1917,"17_39",2
18,39,1918,"18_39",2
19,39,1919,"19_39",2
20,39,1920,"20_39",2
21,39,1921,"21_39",2
22,39,1922,"22_39",2
23,39,1923,"23_39",2
24,39,1924,"24_39",2
25,39,1925,"25_39",2
26,39,1926,"26_39",2
27,39,1927,"27_39",2
28,39,1928,"28_39",2
29,39,1929,"29_39",2
30,39,1930,"30_39",2
31,39,1931,"31_39",2
32,39,1932,"32_39",2
33,39,1933,"33_39",2
34,39,1934,"34_39",2
35,39,1935,"35_39",2
36,39,1936,"36_39",2
37,39,1937,"37_39",2
38,39,1938,"38_39",2
39,39,1939,"39_39",2
40,39,1940,"40_39",2
41,39,1941,"41_39",2
42,39,1942,"42_39",2
43,39,1943,"43_39",2
44,39,1944,"44_39",2
45,39,1945,"45_39",2
46,39,1946,"46_39",2
47,39,1947,"47_39",2
48,39,1948,"48_39",2
49,39,1949,"49_39",2
50,39,1950,"50_39",2
1,40,1951,"1_40",2
2,40,1952,"2_40",2
3,40,1953,"3_40",2
4,40,1954,"4_40",2
5,40,1955,"5_40",2
6,40,1956,"6_40",2
7,40,1957,"7_40",2
8,40,1958,"8_40",2
9,40,1959,"9_40",2
10,40,1960,"10_40",2
11,40,1961,"11_40",2
12,40,1962,"12_40",2
13,40,1963,"13_40",2
14,40,1964,"14_40",2
15,40,1965,"15_40",2
16,40,1966,"16_40",2
17,40,1967,"17_40",2
18,40,1968,"18_40",2
19,40,1969,"19_40",2
20,40,1970,"20_40",2
21,40,1971,"21_40",2
22,40,1972,"22_40",2
23,40,1973,"23_40",2
24,40,1974,"24_40",2
25,40,1975,"25_40",2
26,40,1976,"26_40",2
27,40,1977,"27_40",2
28,40,1978,"28_40",2
29,40,1979,"29_40",2
30,40,1980,"30_40",2
31,40,1981,"31_40",2
32,40,1982,"32_40",2
33,40,1983,"33_40",2
34,40,1984,"34_40",2
35,40,1985,"35_40",2
36,40,1986,"36_40",2
37,40,1987,"37_40",2
38,40,1988,"38_40",2
39,40,1989,"39_40",2
40,40,1990,"40_40",2
41,40,1991,"41_40",2
42,40,1992,"42_40",2
43,40,1993,"43_40",2
44,40,1994,"44_40",2
45,40,1995,"45_40",2
46,40,1996,"46_40",2
47,40,1997,"47_40",2
48,40,1998,"48_40",2
49,40,1999,"49_40",2
50,40,2000,"50_40",2
1,41,2001,"1_41",2
2,41,2002,"2_41",2
3,41,2003,"3_41",2
4,41,2004,"4_41",2
5,41,2005,"5_41",2
6,41,2006,"6_41",2
7,41,2007,"7_41",2
8,41,2008,"8_41",2
9,41,2009,"9_41",2
10,41,2010,"10_41",2
11,41,2011,"11_41",2
12,41,2012,"12_41",2
13,41,2013,"13_41",2
14,41,2014,"14_41",2
15,41,2015,"15_41",2
16,41,2016,"16_41",2
17,41,2017,"17_41",2
18,41,2018,"18_41",2
19,41,2019,"19_41",2
20,41,2020,"20_41",2
21,41,2021,"21_41",2
22,41,2022,"22_41",2
23,41,2023,"23_41",2
24,41,2024,"24_41",2
25,41,2025,"25_41",2
26,41,2026,"26_41",2
27,41,2027,"27_41",2
28,41,2028,"28_41",2
29,41,2029,"29_41",2
30,41,2030,"30_41",2
31,41,2031,"31_41",2
32,41,2032,"32_41",2
33,41,2033,"33_41",2
34,41,2034,"34_41",2
35,41,2035,"35_41",2
36,41,2036,"36_41",2
37,41,2037,"37_41",2
38,41,2038,"38_41",2
39,41,2039,"39_41",2
40,41,2040,"40_41",2
41,41,2041,"41_41",2
42,41,2042,"42_41",2
43,41,2043,"43_41",2
44,41,2044,"44_41",2
45,41,2045,"45_41",2
46,41,2046,"46_41",2
47,41,2047,"47_41",2
48,41,2048,"48_41",2
49,41,2049,"49_41",2
50,41,2050,"50_41",2
1,42,2051,"1_42",2
2,42,2052,"2_42",2
3,42,2053,"3_42",2
4,42,2054,"4_42",2
5,42,2055,"5_42",2
6,42,2056,"6_42",2
7,42,2057,"7_42",2
8,42,2058,"8_42",2
9,42,2059,"9_42",2
10,42,2060,"10_42",2
11,42,2061,"11_42",2
12,42,2062,"12_42",2
13,42,2063,"13_42",2
14,42,2064,"14_42",2
15,42,2065,"15_42",2
16,42,2066,"16_42",2
17,42,2067,"17_42",2
18,42,2068,"18_42",2
19,42,2069,"19_42",2
20,42,2070,"20_42",2
21,42,2071,"21_42",2
22,42,2072,"22_42",2
23,42,2073,"23_42",2
24,42,2074,"24_42",2
25,42,2075,"25_42",2
26,42,2076,"26_42",2
27,42,2077,"27_42",2
28,42,2078,"28_42",2
29,42,2079,"29_42",2
30,42,2080,"30_42",2
31,42,2081,"31_42",2
32,42,2082,"32_42",2
33,42,2083,"33_42",2
34,42,2084,"34_42",2
35,42,2085,"35_42",2
36,42,2086,"36_42",2
37,42,2087,"37_42",2
38,42,2088,"38_42",2
39,42,2089,"39_42",2
40,42,2090,"40_42",2
41,42,2091,"41_42",2
42,42,2092,"42_42",2
43,42,2093,"43_42",2
44,42,2094,"44_42",2
45,42,2095,"45_42",2
46,42,2096,"46_42",2
47,42,2097,"47_42",2
48,42,2098,"48_42",2
49,42,2099,"49_42",2
50,42,2100,"50_42",2
1,43,2101,"1_43",2
2,43,2102,"2_43",2
3,43,2103,"3_43",2
4,43,2104,"4_43",2
5,43,2105,"5_43",2
6,43,2106,"6_43",2
7,43,2107,"7_43",2
8,43,2108,"8_43",2
9,43,2109,"9_43",2
10,43,2110,"10_43",2
11,43,2111,"11_43",2
12,43,2112,"12_43",2
13,43,2113,"13_43",2
14,43,2114,"14_43",2
15,43,2115,"15_43",2
16,43,2116,"16_43",2
17,43,2117,"17_43",2
18,43,2118,"18_43",2
19,43,2119,"19_43",2
20,43,2120,"20_43",2
21,43,2121,"21_43",2
22,43,2122,"22_43",2
23,43,2123,"23_43",2
24,43,2124,"24_43",2
25,43,2125,"25_43",2
26,43,2126,"26_43",2
27,43,2127,"27_43",2
28,43,2128,"28_43",2
29,43,2129,"29_43",2
30,43,2130,"30_43",2
31,43,2131,"31_43",2
32,43,2132,"32_43",2
33,43,2133,"33_43",2
34,43,2134,"34_43",2
35,43,2135,"35_43",2
36,43,2136,"36_43",2
37,43,2137,"37_43",2
38,43,2138,"38_43",2
39,43,2139,"39_43",2
40,43,2140,"40_43",2
41,43,2141,"41_43",2
42,43,2142,"42_43",2
43,43,2143,"43_43",2
44,43,2144,"44_43",2
45,43,2145,"45_43",2
46,43,2146,"46_43",2
47,43,2147,"47_43",2
48,43,2148,"48_43",2
49,43,2149,"49_43",2
50,43,2150,"50_43",2
1,44,2151,"1_44",2
2,44,2152,"2_44",2
3,44,2153,"3_44",2
4,44,2154,"4_44",2
5,44,2155,"5_44",2
6,44,2156,"6_44",2
7,44,2157,"7_44",2
8,44,2158,"8_44",2
9,44,2159,"9_44",2
10,44,2160,"10_44",2
11,44,2161,"11_44",2
12,44,2162,"12_44",2
13,44,2163,"13_44",2
14,44,2164,"14_44",2
15,44,2165,"15_44",2
16,44,2166,"16_44",2
17,44,2167,"17_44",2
18,44,2168,"18_44",2
19,44,2169,"19_44",2
20,44,2170,"20_44",2
21,44,2171,"21_44",2
22,44,2172,"22_44",2
23,44,2173,"23_44",2
24,44,2174,"24_44",2
25,44,2175,"25_44",2
26,44,2176,"26_44",2
27,44,2177,"27_44",2
28,44,2178,"28_44",2
29,44,2179,"29_44",2
30,44,2180,"30_44",2
31,44,2181,"31_44",2
32,44,2182,"32_44",2
33,44,2183,"33_44",2
34,44,2184,"34_44",2
35,44,2185,"35_44",2
36,44,2186,"36_44",2
37,44,2187,"37_44",2
38,44,2188,"38_44",2
39,44,2189,"39_44",2
40,44,2190,"40_44",2
41,44,2191,"41_44",2
42,44,2192,"42_44",2
43,44,2193,"43_44",2
44,44,2194,"44_44",2
45,44,2195,"45_44",2
46,44,2196,"46_44",2
47,44,2197,"47_44",2
48,44,2198,"48_44",2
49,44,2199,"49_44",2
50,44,2200,"50_44",2
1,45,2201,"1_45",2
2,45,2202,"2_45",2
3,45,2203,"3_45",2
4,45,2204,"4_45",2
5,45,2205,"5_45",2
6,45,2206,"6_45",2
7,45,2207,"7_45",2
8,45,2208,"8_45",2
9,45,2209,"9_45",2
10,45,2210,"10_45",2
11,45,2211,"11_45",2
12,45,2212,"12_45",2
13,45,2213,"13_45",2
14,45,2214,"14_45",2
15,45,2215,"15_45",2
16,45,2216,"16_45",2
17,45,2217,"17_45",2
18,45,2218,"18_45",2
19,45,2219,"19_45",2
20,45,2220,"20_45",2
21,45,2221,"21_45",2
22,45,2222,"22_45",2
23,45,2223,"23_45",2
24,45,2224,"24_45",2
25,45,2225,"25_45",2
26,45,2226,"26_45",2
27,45,2227,"27_45",2
28,45,2228,"28_45",2
29,45,2229,"29_45",2
30,45,2230,"30_45",2
31,45,2231,"31_45",2
32,45,2232,"32_45",2
33,45,2233,"33_45",2
34,45,2234,"34_45",2
35,45,2235,"35_45",2
36,45,2236,"36_45",2
37,45,2237,"37_45",2
38,45,2238,"38_45",2
39,45,2239,"39_45",2
40,45,2240,"40_45",2
41,45,2241,"41_45",2
42,45,2242,"42_45",2
43,45,2243,"43_45",2
44,45,2244,"44_45",2
45,45,2245,"45_45",2
46,45,2246,"46_45",2
47,45,2247,"47_45",2
48,45,2248,"48_45",2
49,45,2249,"49_45",2
50,45,2250,"50_45",2
1,46,2251,"1_46",2
2,46,2252,"2_46",2
3,46,2253,"3_46",2
4,46,2254,"4_46",2
5,46,2255,"5_46",2
6,46,2256,"6_46",2
7,46,2257,"7_46",2
8,46,2258,"8_46",2
9,46,2259,"9_46",2
10,46,2260,"10_46",2
11,46,2261,"11_46",2
12,46,2262,"12_46",2
13,46,2263,"13_46",2
14,46,2264,"14_46",2
15,46,2265,"15_46",2
16,46,2266,"16_46",2
17,46,2267,"17_46",2
18,46,2268,"18_46",2
19,46,2269,"19_46",2
20,46,2270,"20_46",2
21,46,2271,"21_46",2
22,46,2272,"22_46",2
23,46,2273,"23_46",2
24,46,2274,"24_46",2
25,46,2275,"25_46",2
26,46,2276,"26_46",2
27,46,2277,"27_46",2
28,46,2278,"28_46",2
29,46,2279,"29_46",2
30,46,2280,"30_46",2
31,46,2281,"31_46",2
32,46,2282,"32_46",2
33,46,2283,"33_46",2
34,46,2284,"34_46",2
35,46,2285,"35_46",2
36,46,2286,"36_46",2
37,46,2287,"37_46",2
38,46,2288,"38_46",2
39,46,2289,"39_46",2
40,46,2290,"40_46",2
41,46,2291,"41_46",2
42,46,2292,"42_46",2
43,46,2293,"43_46",2
44,46,2294,"44_46",2
45,46,2295,"45_46",2
46,46,2296,"46_46",2
47,46,2297,"47_46",2
48,46,2298,"48_46",2
49,46,2299,"49_46",2
50,46,2300,"50_46",2
1,47,2301,"1_47",2
2,47,2302,"2_47",2
3,47,2303,"3_47",2
4,47,2304,"4_47",2
5,47,2305,"5_47",2
6,47,2306,"6_47",2
7,47,2307,"7_47",2
8,47,2308,"8_47",2
9,47,2309,"9_47",2
10,47,2310,"10_47",2
11,47,2311,"11_47",2
12,47,2312,"12_47",2
13,47,2313,"13_47",2
14,47,2314,"14_47",2
15,47,2315,"15_47",2
16,47,2316,"16_47",2
17,47,2317,"17_47",2
18,47,2318,"18_47",2
19,47,2319,"19_47",2
20,47,2320,"20_47",2
21,47,2321,"21_47",2
22,47,2322,"22_47",2
23,47,2323,"23_47",2
24,47,2324,"24_47",2
25,47,2325,"25_47",2
26,47,2326,"26_47",2
27,47,2327,"27_47",2
28,47,2328,"28_47",2
29,47,2329,"29_47",2
30,47,2330,"30_47",2
31,47,2331,"31_47",2
32,47,2332,"32_47",2
33,47,2333,"33_47",2
34,47,2334,"34_47",2
35,47,2335,"35_47",2
36,47,2336,"36_47",2
37,47,2337,"37_47",2
38,47,2338,"38_47",2
39,47,2339,"39_47",2
40,47,2340,"40_47",2
41,47,2341,"41_47",2
42,47,2342,"42_47",2
43,47,2343,"43_47",2
44,47,2344,"44_47",2
45,47,2345,"45_47",2
46,47,2346,"46_47",2
47,47,2347,"47_47",2
48,47,2348,"48_47",2
49,47,2349,"49_47",2
50,47,2350,"50_47",2
1,48,2351,"1_48",2
2,48,2352,"2_48",2
3,48,2353,"3_48",2
4,48,2354,"4_48",2
5,48,2355,"5_48",2
6,48,2356,"6_48",2
7,48,2357,"7_48",2
8,48,2358,"8_48",2
9,48,2359,"9_48",2
10,48,2360,"10_48",2
11,48,2361,"11_48",2
12,48,2362,"12_48",2
13,48,2363,"13_48",2
14,48,2364,"14_48",2
15,48,2365,"15_48",2
16,48,2366,"16_48",2
17,48,2367,"17_48",2
18,48,2368,"18_48",2
19,48,2369,"19_48",2
20,48,2370,"20_48",2
21,48,2371,"21_48",2
22,48,2372,"22_48",2
23,48,2373,"23_48",2
24,48,2374,"24_48",2
25,48,2375,"25_48",2
26,48,2376,"26_48",2
27,48,2377,"27_48",2
28,48,2378,"28_48",2
29,48,2379,"29_48",2
30,48,2380,"30_48",2
31,48,2381,"31_48",2
32,48,2382,"32_48",2
33,48,2383,"33_48",2
34,48,2384,"34_48",2
35,48,2385,"35_48",2
36,48,2386,"36_48",2
37,48,2387,"37_48",2
38,48,2388,"38_48",2
39,48,2389,"39_48",2
40,48,2390,"40_48",2
41,48,2391,"41_48",2
42,48,2392,"42_48",2
43,48,2393,"43_48",2
44,48,2394,"44_48",2
45,48,2395,"45_48",2
46,48,2396,"46_48",2
47,48,2397,"47_48",2
48,48,2398,"48_48",2
49,48,2399,"49_48",2
50,48,2400,"50_48",2
1,49,2401,"1_49",2
2,49,2402,"2_49",2
3,49,2403,"3_49",2
4,49,2404,"4_49",2
5,49,2405,"5_49",2
6,49,2406,"6_49",2
7,49,2407,"7_49",2
8,49,2408,"8_49",2
9,49,2409,"9_49",2
10,49,2410,"10_49",2
11,49,2411,"11_49",2
12,49,2412,"12_49",2
13,49,2413,"13_49",2
14,49,2414,"14_49",2
15,49,2415,"15_49",2
16,49,2416,"16_49",2
17,49,2417,"17_49",2
18,49,2418,"18_49",2
19,49,2419,"19_49",2
20,49,2420,"20_49",2
21,49,2421,"21_49",2
22,49,2422,"22_49",2
23,49,2423,"23_49",2
24,49,2424,"24_49",2
25,49,2425,"25_49",2
26,49,2426,"26_49",2
27,49,2427,"27_49",2
28,49,2428,"28_49",2
29,49,2429,"29_49",2
30,49,2430,"30_49",2
31,49,2431,"31_49",2
32,49,2432,"32_49",2
33,49,2433,"33_49",2
34,49,2434,"34_49",2
35,49,2435,"35_49",2
36,49,2436,"36_49",2
37,49,2437,"37_49",2
38,49,2438,"38_49",2
39,49,2439,"39_49",2
40,49,2440,"40_49",2
41,49,2441,"41_49",2
42,49,2442,"42_49",2
43,49,2443,"43_49",2
44,49,2444,"44_49",2
45,49,2445,"45_49",2
46,49,2446,"46_49",2
47,49,2447,"47_49",2
48,49,2448,"48_49",2
49,49,2449,"49_49",2
50,49,2450,"50_49",2
1,50,2451,"1_50",2
2,50,2452,"2_50",2
3,50,2453,"3_50",2
4,50,2454,"4_50",2
5,50,2455,"5_50",2
6,50,2456,"6_50",2
7,50,2457,"7_50",2
8,50,2458,"8_50",2
9,50,2459,"9_50",2
10,50,2460,"10_50",2
11,50,2461,"11_50",2
12,50,2462,"12_50",2
13,50,2463,"13_50",2
14,50,2464,"14_50",2
15,50,2465,"15_50",2
16,50,2466,"16_50",2
17,50,2467,"17_50",2
18,50,2468,"18_50",2
19,50,2469,"19_50",2
20,50,2470,"20_50",2
21,50,2471,"21_50",2
22,50,2472,"22_50",2
23,50,2473,"23_50",2
24,50,2474,"24_50",2
25,50,2475,"25_50",2
26,50,2476,"26_50",2
27,50,2477,"27_50",2
28,50,2478,"28_50",2
29,50,2479,"29_50",2
30,50,2480,"30_50",2
31,50,2481,"31_50",2
32,50,2482,"32_50",2
33,50,2483,"33_50",2
34,50,2484,"34_50",2
35,50,2485,"35_50",2
36,50,2486,"36_50",2
37,50,2487,"37_50",2
38,50,2488,"38_50",2
39,50,2489,"39_50",2
40,50,2490,"40_50",2
41,50,2491,"41_50",2
42,50,2492,"42_50",2
43,50,2493,"43_50",2
44,50,2494,"44_50",2
45,50,2495,"45_50",2
46,50,2496,"46_50",2
47,50,2497,"47_50",2
48,50,2498,"48_50",2
49,50,2499,"49_50",2
50,50,2500,"50_50",2
