"base_day","lag","rep","scenario","eta","target_total","rho","error","rho_mean","rho_sd","rho_lo","rho_med","rho_hi"
2020-02-14,37,1,"II_mult_noise",0.01,1410666,0.415996612226848,76.1339978584398,0.416011860944236,2.80310576428708e-05,0.415964914696526,0.416007862550316,0.416070756829016
2020-02-14,37,2,"II_mult_noise",0.01,1410666,0.415981963684953,76.1470802703677,0.416011860944236,2.80310576428708e-05,0.415964914696526,0.416007862550316,0.416070756829016
2020-02-14,37,3,"II_mult_noise",0.01,1410666,0.415994486395726,76.1205297064186,0.416011860944236,2.80310576428708e-05,0.415964914696526,0.416007862550316,0.416070756829016
2020-02-14,37,4,"II_mult_noise",0.01,1410666,0.416003636834264,76.1138012779894,0.416011860944236,2.80310576428708e-05,0.415964914696526,0.416007862550316,0.416070756829016
2020-02-14,37,5,"II_mult_noise",0.01,1410666,0.416065139763345,76.0663686971261,0.416011860944236,2.80310576428708e-05,0.415964914696526,0.416007862550316,0.416070756829016
2020-02-14,37,6,"II_mult_noise",0.01,1410666,0.415985746905657,76.1298287236783,0.416011860944236,2.80310576428708e-05,0.415964914696526,0.416007862550316,0.416070756829016
2020-02-14,37,7,"II_mult_noise",0.01,1410666,0.415995683039709,76.1458516923896,0.416011860944236,2.80310576428708e-05,0.415964914696526,0.416007862550316,0.416070756829016
2020-02-14,37,8,"II_mult_noise",0.01,1410666,0.415995122773713,76.1178855881699,0.416011860944236,2.80310576428708e-05,0.415964914696526,0.416007862550316,0.416070756829016
2020-02-14,37,9,"II_mult_noise",0.01,1410666,0.415996623792312,76.1261216521443,0.416011860944236,2.80310576428708e-05,0.415964914696526,0.416007862550316,0.416070756829016
2020-02-14,37,10,"II_mult_noise",0.01,1410666,0.415996280408347,76.1431763379353,0.416011860944236,2.80310576428708e-05,0.415964914696526,0.416007862550316,0.416070756829016
2020-02-14,37,11,"II_mult_noise",0.01,1410666,0.416039586035902,76.0777147108284,0.416011860944236,2.80310576428708e-05,0.415964914696526,0.416007862550316,0.416070756829016
2020-02-14,37,12,"II_mult_noise",0.01,1410666,0.415988795494588,76.1458783969439,0.416011860944236,2.80310576428708e-05,0.415964914696526,0.416007862550316,0.416070756829016
2020-02-14,37,13,"II_mult_noise",0.01,1410666,0.416015631324503,76.1015351071327,0.416011860944236,2.80310576428708e-05,0.415964914696526,0.416007862550316,0.416070756829016
2020-02-14,37,14,"II_mult_noise",0.01,1410666,0.416005983998456,76.1038595915912,0.416011860944236,2.80310576428708e-05,0.415964914696526,0.416007862550316,0.416070756829016
2020-02-14,37,15,"II_mult_noise",0.01,1410666,0.416025429857933,76.0777104014551,0.416011860944236,2.80310576428708e-05,0.415964914696526,0.416007862550316,0.416070756829016
2020-02-14,37,16,"II_mult_noise",0.01,1410666,0.416018289467967,76.112223988513,0.416011860944236,2.80310576428708e-05,0.415964914696526,0.416007862550316,0.416070756829016
2020-02-14,37,17,"II_mult_noise",0.01,1410666,0.416017165046673,76.1034604103808,0.416011860944236,2.80310576428708e-05,0.415964914696526,0.416007862550316,0.416070756829016
2020-02-14,37,18,"II_mult_noise",0.01,1410666,0.416043240450088,76.0520465014408,0.416011860944236,2.80310576428708e-05,0.415964914696526,0.416007862550316,0.416070756829016
2020-02-14,37,19,"II_mult_noise",0.01,1410666,0.416022190560362,76.0825560083686,0.416011860944236,2.80310576428708e-05,0.415964914696526,0.416007862550316,0.416070756829016
2020-02-14,37,20,"II_mult_noise",0.01,1410666,0.416008862661151,76.1010387285987,0.416011860944236,2.80310576428708e-05,0.415964914696526,0.416007862550316,0.416070756829016
2020-02-14,37,21,"II_mult_noise",0.01,1410666,0.415996651857187,76.1521745667018,0.416011860944236,2.80310576428708e-05,0.415964914696526,0.416007862550316,0.416070756829016
2020-02-14,37,22,"II_mult_noise",0.01,1410666,0.416026170094444,76.0965409221346,0.416011860944236,2.80310576428708e-05,0.415964914696526,0.416007862550316,0.416070756829016
2020-02-14,37,23,"II_mult_noise",0.01,1410666,0.416066904665597,76.0471496110813,0.416011860944236,2.80310576428708e-05,0.415964914696526,0.416007862550316,0.416070756829016
2020-02-14,37,24,"II_mult_noise",0.01,1410666,0.416016835930007,76.1167039881928,0.416011860944236,2.80310576428708e-05,0.415964914696526,0.416007862550316,0.416070756829016
2020-02-14,37,25,"II_mult_noise",0.01,1410666,0.415961539513627,76.1755955676515,0.416011860944236,2.80310576428708e-05,0.415964914696526,0.416007862550316,0.416070756829016
2020-02-14,37,26,"II_mult_noise",0.01,1410666,0.41601774098645,76.1090226015667,0.416011860944236,2.80310576428708e-05,0.415964914696526,0.416007862550316,0.416070756829016
2020-02-14,37,27,"II_mult_noise",0.01,1410666,0.415997667726292,76.1276764455435,0.416011860944236,2.80310576428708e-05,0.415964914696526,0.416007862550316,0.416070756829016
2020-02-14,37,28,"II_mult_noise",0.01,1410666,0.415995788356961,76.1178104604288,0.416011860944236,2.80310576428708e-05,0.415964914696526,0.416007862550316,0.416070756829016
2020-02-14,37,29,"II_mult_noise",0.01,1410666,0.415987466504939,76.1321691667124,0.416011860944236,2.80310576428708e-05,0.415964914696526,0.416007862550316,0.416070756829016
2020-02-14,37,30,"II_mult_noise",0.01,1410666,0.415997011086603,76.1487017536626,0.416011860944236,2.80310576428708e-05,0.415964914696526,0.416007862550316,0.416070756829016
2020-02-14,37,31,"II_mult_noise",0.01,1410666,0.415972137933547,76.1653088615465,0.416011860944236,2.80310576428708e-05,0.415964914696526,0.416007862550316,0.416070756829016
2020-02-14,37,32,"II_mult_noise",0.01,1410666,0.416076580239942,76.0337486951605,0.416011860944236,2.80310576428708e-05,0.415964914696526,0.416007862550316,0.416070756829016
2020-02-14,37,33,"II_mult_noise",0.01,1410666,0.415966529161214,76.1573752313953,0.416011860944236,2.80310576428708e-05,0.415964914696526,0.416007862550316,0.416070756829016
2020-02-14,37,34,"II_mult_noise",0.01,1410666,0.416053396435647,76.0487687023882,0.416011860944236,2.80310576428708e-05,0.415964914696526,0.416007862550316,0.416070756829016
2020-02-14,37,35,"II_mult_noise",0.01,1410666,0.416023441569937,76.091157697109,0.416011860944236,2.80310576428708e-05,0.415964914696526,0.416007862550316,0.416070756829016
2020-02-14,37,36,"II_mult_noise",0.01,1410666,0.416005432865047,76.1241782306313,0.416011860944236,2.80310576428708e-05,0.415964914696526,0.416007862550316,0.416070756829016
2020-02-14,37,37,"II_mult_noise",0.01,1410666,0.416016502515961,76.1343015739346,0.416011860944236,2.80310576428708e-05,0.415964914696526,0.416007862550316,0.416070756829016
2020-02-14,37,38,"II_mult_noise",0.01,1410666,0.416038139210243,76.0852271553347,0.416011860944236,2.80310576428708e-05,0.415964914696526,0.416007862550316,0.416070756829016
2020-02-14,37,39,"II_mult_noise",0.01,1410666,0.41597843127363,76.1604195845762,0.416011860944236,2.80310576428708e-05,0.415964914696526,0.416007862550316,0.416070756829016
2020-02-14,37,40,"II_mult_noise",0.01,1410666,0.416060445112965,76.0859051611042,0.416011860944236,2.80310576428708e-05,0.415964914696526,0.416007862550316,0.416070756829016
2020-02-14,37,41,"II_mult_noise",0.01,1410666,0.416011479851859,76.1173264277258,0.416011860944236,2.80310576428708e-05,0.415964914696526,0.416007862550316,0.416070756829016
2020-02-14,37,42,"II_mult_noise",0.01,1410666,0.416026838943206,76.0652048401925,0.416011860944236,2.80310576428708e-05,0.415964914696526,0.416007862550316,0.416070756829016
2020-02-14,37,43,"II_mult_noise",0.01,1410666,0.416021905946925,76.0932577844644,0.416011860944236,2.80310576428708e-05,0.415964914696526,0.416007862550316,0.416070756829016
2020-02-14,37,44,"II_mult_noise",0.01,1410666,0.415997621107054,76.1094698617846,0.416011860944236,2.80310576428708e-05,0.415964914696526,0.416007862550316,0.416070756829016
2020-02-14,37,45,"II_mult_noise",0.01,1410666,0.415967501339548,76.1570169735975,0.416011860944236,2.80310576428708e-05,0.415964914696526,0.416007862550316,0.416070756829016
2020-02-14,37,46,"II_mult_noise",0.01,1410666,0.416057917439651,76.045640089958,0.416011860944236,2.80310576428708e-05,0.415964914696526,0.416007862550316,0.416070756829016
2020-02-14,37,47,"II_mult_noise",0.01,1410666,0.416024750078535,76.1079408100908,0.416011860944236,2.80310576428708e-05,0.415964914696526,0.416007862550316,0.416070756829016
2020-02-14,37,48,"II_mult_noise",0.01,1410666,0.41597897059916,76.1718726114474,0.416011860944236,2.80310576428708e-05,0.415964914696526,0.416007862550316,0.416070756829016
2020-02-14,37,49,"II_mult_noise",0.01,1410666,0.415994823139579,76.1604512352169,0.416011860944236,2.80310576428708e-05,0.415964914696526,0.416007862550316,0.416070756829016
2020-02-14,37,50,"II_mult_noise",0.01,1410666,0.415996596167675,76.1299749863456,0.416011860944236,2.80310576428708e-05,0.415964914696526,0.416007862550316,0.416070756829016
2020-02-14,37,51,"II_mult_noise",0.01,1410666,0.415995086078879,76.1426644201483,0.416011860944236,2.80310576428708e-05,0.415964914696526,0.416007862550316,0.416070756829016
2020-02-14,37,52,"II_mult_noise",0.01,1410666,0.415998060454888,76.1252542216187,0.416011860944236,2.80310576428708e-05,0.415964914696526,0.416007862550316,0.416070756829016
2020-02-14,37,53,"II_mult_noise",0.01,1410666,0.415963525910498,76.1654966775856,0.416011860944236,2.80310576428708e-05,0.415964914696526,0.416007862550316,0.416070756829016
2020-02-14,37,54,"II_mult_noise",0.01,1410666,0.416014142469463,76.1221832897679,0.416011860944236,2.80310576428708e-05,0.415964914696526,0.416007862550316,0.416070756829016
2020-02-14,37,55,"II_mult_noise",0.01,1410666,0.415997065705205,76.1054428862083,0.416011860944236,2.80310576428708e-05,0.415964914696526,0.416007862550316,0.416070756829016
2020-02-14,37,56,"II_mult_noise",0.01,1410666,0.416033276253686,76.0941348955784,0.416011860944236,2.80310576428708e-05,0.415964914696526,0.416007862550316,0.416070756829016
2020-02-14,37,57,"II_mult_noise",0.01,1410666,0.416004856127515,76.134162970251,0.416011860944236,2.80310576428708e-05,0.415964914696526,0.416007862550316,0.416070756829016
2020-02-14,37,58,"II_mult_noise",0.01,1410666,0.416053723011194,76.0739759425264,0.416011860944236,2.80310576428708e-05,0.415964914696526,0.416007862550316,0.416070756829016
2020-02-14,37,59,"II_mult_noise",0.01,1410666,0.416046200161042,76.051256419536,0.416011860944236,2.80310576428708e-05,0.415964914696526,0.416007862550316,0.416070756829016
2020-02-14,37,60,"II_mult_noise",0.01,1410666,0.416011977968662,76.1423942097213,0.416011860944236,2.80310576428708e-05,0.415964914696526,0.416007862550316,0.416070756829016
2020-02-14,37,61,"II_mult_noise",0.01,1410666,0.415982576512062,76.1742573200761,0.416011860944236,2.80310576428708e-05,0.415964914696526,0.416007862550316,0.416070756829016
2020-02-14,37,62,"II_mult_noise",0.01,1410666,0.416052915154847,76.0459051271977,0.416011860944236,2.80310576428708e-05,0.415964914696526,0.416007862550316,0.416070756829016
2020-02-14,37,63,"II_mult_noise",0.01,1410666,0.416067347745915,76.0246716963292,0.416011860944236,2.80310576428708e-05,0.415964914696526,0.416007862550316,0.416070756829016
2020-02-14,37,64,"II_mult_noise",0.01,1410666,0.416050280604703,76.0534473310829,0.416011860944236,2.80310576428708e-05,0.415964914696526,0.416007862550316,0.416070756829016
2020-02-14,37,65,"II_mult_noise",0.01,1410666,0.416082748677363,76.0257345343007,0.416011860944236,2.80310576428708e-05,0.415964914696526,0.416007862550316,0.416070756829016
2020-02-14,37,66,"II_mult_noise",0.01,1410666,0.415982958621794,76.1363610456282,0.416011860944236,2.80310576428708e-05,0.415964914696526,0.416007862550316,0.416070756829016
2020-02-14,37,67,"II_mult_noise",0.01,1410666,0.416024864648286,76.0954735191308,0.416011860944236,2.80310576428708e-05,0.415964914696526,0.416007862550316,0.416070756829016
2020-02-14,37,68,"II_mult_noise",0.01,1410666,0.416029497267651,76.0959028647359,0.416011860944236,2.80310576428708e-05,0.415964914696526,0.416007862550316,0.416070756829016
2020-02-14,37,69,"II_mult_noise",0.01,1410666,0.416035951617344,76.0933657585262,0.416011860944236,2.80310576428708e-05,0.415964914696526,0.416007862550316,0.416070756829016
2020-02-14,37,70,"II_mult_noise",0.01,1410666,0.416034518866876,76.0605681148178,0.416011860944236,2.80310576428708e-05,0.415964914696526,0.416007862550316,0.416070756829016
2020-02-14,37,71,"II_mult_noise",0.01,1410666,0.415994429819671,76.1244433392826,0.416011860944236,2.80310576428708e-05,0.415964914696526,0.416007862550316,0.416070756829016
2020-02-14,37,72,"II_mult_noise",0.01,1410666,0.41603235516041,76.0805618566713,0.416011860944236,2.80310576428708e-05,0.415964914696526,0.416007862550316,0.416070756829016
2020-02-14,37,73,"II_mult_noise",0.01,1410666,0.416019354830544,76.0942178443224,0.416011860944236,2.80310576428708e-05,0.415964914696526,0.416007862550316,0.416070756829016
2020-02-14,37,74,"II_mult_noise",0.01,1410666,0.415997453008901,76.1508433786026,0.416011860944236,2.80310576428708e-05,0.415964914696526,0.416007862550316,0.416070756829016
2020-02-14,37,75,"II_mult_noise",0.01,1410666,0.416015984377656,76.1115462821365,0.416011860944236,2.80310576428708e-05,0.415964914696526,0.416007862550316,0.416070756829016
2020-02-14,37,76,"II_mult_noise",0.01,1410666,0.416001121367647,76.1261719758502,0.416011860944236,2.80310576428708e-05,0.415964914696526,0.416007862550316,0.416070756829016
2020-02-14,37,77,"II_mult_noise",0.01,1410666,0.416022309485248,76.101895229872,0.416011860944236,2.80310576428708e-05,0.415964914696526,0.416007862550316,0.416070756829016
2020-02-14,37,78,"II_mult_noise",0.01,1410666,0.416035256567507,76.0738006160863,0.416011860944236,2.80310576428708e-05,0.415964914696526,0.416007862550316,0.416070756829016
2020-02-14,37,79,"II_mult_noise",0.01,1410666,0.416006770477913,76.1107084204259,0.416011860944236,2.80310576428708e-05,0.415964914696526,0.416007862550316,0.416070756829016
2020-02-14,37,80,"II_mult_noise",0.01,1410666,0.416011590944229,76.1000226652692,0.416011860944236,2.80310576428708e-05,0.415964914696526,0.416007862550316,0.416070756829016
2020-02-14,37,81,"II_mult_noise",0.01,1410666,0.416006862439481,76.1121724651867,0.416011860944236,2.80310576428708e-05,0.415964914696526,0.416007862550316,0.416070756829016
2020-02-14,37,82,"II_mult_noise",0.01,1410666,0.415968187253899,76.1643934247678,0.416011860944236,2.80310576428708e-05,0.415964914696526,0.416007862550316,0.416070756829016
2020-02-14,37,83,"II_mult_noise",0.01,1410666,0.415985810049282,76.1382316771227,0.416011860944236,2.80310576428708e-05,0.415964914696526,0.416007862550316,0.416070756829016
2020-02-14,37,84,"II_mult_noise",0.01,1410666,0.415997667536277,76.1245669531944,0.416011860944236,2.80310576428708e-05,0.415964914696526,0.416007862550316,0.416070756829016
2020-02-14,37,85,"II_mult_noise",0.01,1410666,0.415978653253813,76.1650324184019,0.416011860944236,2.80310576428708e-05,0.415964914696526,0.416007862550316,0.416070756829016
2020-02-14,37,86,"II_mult_noise",0.01,1410666,0.416005232282681,76.1364539864492,0.416011860944236,2.80310576428708e-05,0.415964914696526,0.416007862550316,0.416070756829016
2020-02-14,37,87,"II_mult_noise",0.01,1410666,0.415982902768945,76.1554541290408,0.416011860944236,2.80310576428708e-05,0.415964914696526,0.416007862550316,0.416070756829016
2020-02-14,37,88,"II_mult_noise",0.01,1410666,0.416073841237535,76.0123587194905,0.416011860944236,2.80310576428708e-05,0.415964914696526,0.416007862550316,0.416070756829016
2020-02-14,37,89,"II_mult_noise",0.01,1410666,0.416010168374248,76.1383293823849,0.416011860944236,2.80310576428708e-05,0.415964914696526,0.416007862550316,0.416070756829016
2020-02-14,37,90,"II_mult_noise",0.01,1410666,0.415952397017109,76.1924690785548,0.416011860944236,2.80310576428708e-05,0.415964914696526,0.416007862550316,0.416070756829016
2020-02-14,37,91,"II_mult_noise",0.01,1410666,0.415986595264975,76.1503470135527,0.416011860944236,2.80310576428708e-05,0.415964914696526,0.416007862550316,0.416070756829016
2020-02-14,37,92,"II_mult_noise",0.01,1410666,0.416025153043462,76.0878960971927,0.416011860944236,2.80310576428708e-05,0.415964914696526,0.416007862550316,0.416070756829016
2020-02-14,37,93,"II_mult_noise",0.01,1410666,0.416004433711296,76.1195611594441,0.416011860944236,2.80310576428708e-05,0.415964914696526,0.416007862550316,0.416070756829016
2020-02-14,37,94,"II_mult_noise",0.01,1410666,0.416000777352647,76.121366759218,0.416011860944236,2.80310576428708e-05,0.415964914696526,0.416007862550316,0.416070756829016
2020-02-14,37,95,"II_mult_noise",0.01,1410666,0.415966449670557,76.1642845100509,0.416011860944236,2.80310576428708e-05,0.415964914696526,0.416007862550316,0.416070756829016
2020-02-14,37,96,"II_mult_noise",0.01,1410666,0.415978957650503,76.1610852030149,0.416011860944236,2.80310576428708e-05,0.415964914696526,0.416007862550316,0.416070756829016
2020-02-14,37,97,"II_mult_noise",0.01,1410666,0.416025328603753,76.1021432167722,0.416011860944236,2.80310576428708e-05,0.415964914696526,0.416007862550316,0.416070756829016
2020-02-14,37,98,"II_mult_noise",0.01,1410666,0.416045537479222,76.0710559342987,0.416011860944236,2.80310576428708e-05,0.415964914696526,0.416007862550316,0.416070756829016
2020-02-14,37,99,"II_mult_noise",0.01,1410666,0.416021641474749,76.1167345776018,0.416011860944236,2.80310576428708e-05,0.415964914696526,0.416007862550316,0.416070756829016
2020-02-14,37,100,"II_mult_noise",0.01,1410666,0.416041609685677,76.0586646581182,0.416011860944236,2.80310576428708e-05,0.415964914696526,0.416007862550316,0.416070756829016
2020-02-14,37,1,"II_mult_noise",0.05,1410666,0.416131810136675,75.8823142563699,0.415905723827057,0.000133299145403062,0.415699487615357,0.415889907182779,0.416173985898812
2020-02-14,37,2,"II_mult_noise",0.05,1410666,0.41598062382717,76.0999337826185,0.415905723827057,0.000133299145403062,0.415699487615357,0.415889907182779,0.416173985898812
2020-02-14,37,3,"II_mult_noise",0.05,1410666,0.416080413777344,75.9350135532383,0.415905723827057,0.000133299145403062,0.415699487615357,0.415889907182779,0.416173985898812
2020-02-14,37,4,"II_mult_noise",0.05,1410666,0.415826158387649,76.3646966535022,0.415905723827057,0.000133299145403062,0.415699487615357,0.415889907182779,0.416173985898812
2020-02-14,37,5,"II_mult_noise",0.05,1410666,0.415837642766471,76.2948300548613,0.415905723827057,0.000133299145403062,0.415699487615357,0.415889907182779,0.416173985898812
2020-02-14,37,6,"II_mult_noise",0.05,1410666,0.416114220512383,76.0099445209025,0.415905723827057,0.000133299145403062,0.415699487615357,0.415889907182779,0.416173985898812
2020-02-14,37,7,"II_mult_noise",0.05,1410666,0.41606478787331,75.9647439791893,0.415905723827057,0.000133299145403062,0.415699487615357,0.415889907182779,0.416173985898812
2020-02-14,37,8,"II_mult_noise",0.05,1410666,0.415714808151449,76.4657816793039,0.415905723827057,0.000133299145403062,0.415699487615357,0.415889907182779,0.416173985898812
2020-02-14,37,9,"II_mult_noise",0.05,1410666,0.415675980347104,76.5557305548039,0.415905723827057,0.000133299145403062,0.415699487615357,0.415889907182779,0.416173985898812
2020-02-14,37,10,"II_mult_noise",0.05,1410666,0.415989288776643,76.0084967873629,0.415905723827057,0.000133299145403062,0.415699487615357,0.415889907182779,0.416173985898812
2020-02-14,37,11,"II_mult_noise",0.05,1410666,0.415840267846318,76.2755442423123,0.415905723827057,0.000133299145403062,0.415699487615357,0.415889907182779,0.416173985898812
2020-02-14,37,12,"II_mult_noise",0.05,1410666,0.415896502894755,76.3175358932363,0.415905723827057,0.000133299145403062,0.415699487615357,0.415889907182779,0.416173985898812
2020-02-14,37,13,"II_mult_noise",0.05,1410666,0.415963259960951,76.2308970415845,0.415905723827057,0.000133299145403062,0.415699487615357,0.415889907182779,0.416173985898812
2020-02-14,37,14,"II_mult_noise",0.05,1410666,0.415726910468508,76.5211883370977,0.415905723827057,0.000133299145403062,0.415699487615357,0.415889907182779,0.416173985898812
2020-02-14,37,15,"II_mult_noise",0.05,1410666,0.415829129850102,76.2573788719354,0.415905723827057,0.000133299145403062,0.415699487615357,0.415889907182779,0.416173985898812
2020-02-14,37,16,"II_mult_noise",0.05,1410666,0.415941945254348,76.1958784236237,0.415905723827057,0.000133299145403062,0.415699487615357,0.415889907182779,0.416173985898812
2020-02-14,37,17,"II_mult_noise",0.05,1410666,0.415929306283378,76.2209353111302,0.415905723827057,0.000133299145403062,0.415699487615357,0.415889907182779,0.416173985898812
2020-02-14,37,18,"II_mult_noise",0.05,1410666,0.416102789443467,75.9092134145961,0.415905723827057,0.000133299145403062,0.415699487615357,0.415889907182779,0.416173985898812
2020-02-14,37,19,"II_mult_noise",0.05,1410666,0.415874822015831,76.3342665052951,0.415905723827057,0.000133299145403062,0.415699487615357,0.415889907182779,0.416173985898812
2020-02-14,37,20,"II_mult_noise",0.05,1410666,0.416120848564619,76.030142104927,0.415905723827057,0.000133299145403062,0.415699487615357,0.415889907182779,0.416173985898812
2020-02-14,37,21,"II_mult_noise",0.05,1410666,0.416067422953325,76.0496238197815,0.415905723827057,0.000133299145403062,0.415699487615357,0.415889907182779,0.416173985898812
2020-02-14,37,22,"II_mult_noise",0.05,1410666,0.415934809339823,76.2048764301119,0.415905723827057,0.000133299145403062,0.415699487615357,0.415889907182779,0.416173985898812
2020-02-14,37,23,"II_mult_noise",0.05,1410666,0.415920393701793,76.2146320246792,0.415905723827057,0.000133299145403062,0.415699487615357,0.415889907182779,0.416173985898812
2020-02-14,37,24,"II_mult_noise",0.05,1410666,0.415947386510686,76.2253893680406,0.415905723827057,0.000133299145403062,0.415699487615357,0.415889907182779,0.416173985898812
2020-02-14,37,25,"II_mult_noise",0.05,1410666,0.415991988347208,76.223001180766,0.415905723827057,0.000133299145403062,0.415699487615357,0.415889907182779,0.416173985898812
2020-02-14,37,26,"II_mult_noise",0.05,1410666,0.415994756433109,76.0979097784774,0.415905723827057,0.000133299145403062,0.415699487615357,0.415889907182779,0.416173985898812
2020-02-14,37,27,"II_mult_noise",0.05,1410666,0.415700478874991,76.4951282512794,0.415905723827057,0.000133299145403062,0.415699487615357,0.415889907182779,0.416173985898812
2020-02-14,37,28,"II_mult_noise",0.05,1410666,0.415991963501417,76.0964754631826,0.415905723827057,0.000133299145403062,0.415699487615357,0.415889907182779,0.416173985898812
2020-02-14,37,29,"II_mult_noise",0.05,1410666,0.415802509351046,76.2960555631302,0.415905723827057,0.000133299145403062,0.415699487615357,0.415889907182779,0.416173985898812
2020-02-14,37,30,"II_mult_noise",0.05,1410666,0.415819229497984,76.403375738031,0.415905723827057,0.000133299145403062,0.415699487615357,0.415889907182779,0.416173985898812
2020-02-14,37,31,"II_mult_noise",0.05,1410666,0.415758777308864,76.396364745172,0.415905723827057,0.000133299145403062,0.415699487615357,0.415889907182779,0.416173985898812
2020-02-14,37,32,"II_mult_noise",0.05,1410666,0.41587334128397,76.2185594297805,0.415905723827057,0.000133299145403062,0.415699487615357,0.415889907182779,0.416173985898812
2020-02-14,37,33,"II_mult_noise",0.05,1410666,0.416111758784579,76.073895299698,0.415905723827057,0.000133299145403062,0.415699487615357,0.415889907182779,0.416173985898812
2020-02-14,37,34,"II_mult_noise",0.05,1410666,0.415847366207163,76.3744625267506,0.415905723827057,0.000133299145403062,0.415699487615357,0.415889907182779,0.416173985898812
2020-02-14,37,35,"II_mult_noise",0.05,1410666,0.41581814743528,76.3110333069904,0.415905723827057,0.000133299145403062,0.415699487615357,0.415889907182779,0.416173985898812
2020-02-14,37,36,"II_mult_noise",0.05,1410666,0.415827288618353,76.3672022153227,0.415905723827057,0.000133299145403062,0.415699487615357,0.415889907182779,0.416173985898812
2020-02-14,37,37,"II_mult_noise",0.05,1410666,0.416069342030433,76.0411577439886,0.415905723827057,0.000133299145403062,0.415699487615357,0.415889907182779,0.416173985898812
2020-02-14,37,38,"II_mult_noise",0.05,1410666,0.416024567913017,76.0978425714143,0.415905723827057,0.000133299145403062,0.415699487615357,0.415889907182779,0.416173985898812
2020-02-14,37,39,"II_mult_noise",0.05,1410666,0.415793506944089,76.4011822447005,0.415905723827057,0.000133299145403062,0.415699487615357,0.415889907182779,0.416173985898812
2020-02-14,37,40,"II_mult_noise",0.05,1410666,0.415964560360681,76.0781312712401,0.415905723827057,0.000133299145403062,0.415699487615357,0.415889907182779,0.416173985898812
2020-02-14,37,41,"II_mult_noise",0.05,1410666,0.415733997510869,76.5279398597993,0.415905723827057,0.000133299145403062,0.415699487615357,0.415889907182779,0.416173985898812
2020-02-14,37,42,"II_mult_noise",0.05,1410666,0.416167290582706,75.9434721460353,0.415905723827057,0.000133299145403062,0.415699487615357,0.415889907182779,0.416173985898812
2020-02-14,37,43,"II_mult_noise",0.05,1410666,0.415899222334307,76.3659729903657,0.415905723827057,0.000133299145403062,0.415699487615357,0.415889907182779,0.416173985898812
2020-02-14,37,44,"II_mult_noise",0.05,1410666,0.415963272707484,76.2471565676554,0.415905723827057,0.000133299145403062,0.415699487615357,0.415889907182779,0.416173985898812
2020-02-14,37,45,"II_mult_noise",0.05,1410666,0.415767756358215,76.4681136800126,0.415905723827057,0.000133299145403062,0.415699487615357,0.415889907182779,0.416173985898812
2020-02-14,37,46,"II_mult_noise",0.05,1410666,0.415904768042024,76.2989803511811,0.415905723827057,0.000133299145403062,0.415699487615357,0.415889907182779,0.416173985898812
2020-02-14,37,47,"II_mult_noise",0.05,1410666,0.415819105310531,76.2693824439608,0.415905723827057,0.000133299145403062,0.415699487615357,0.415889907182779,0.416173985898812
2020-02-14,37,48,"II_mult_noise",0.05,1410666,0.415751489899885,76.4949028749501,0.415905723827057,0.000133299145403062,0.415699487615357,0.415889907182779,0.416173985898812
2020-02-14,37,49,"II_mult_noise",0.05,1410666,0.415813175650568,76.2985903299343,0.415905723827057,0.000133299145403062,0.415699487615357,0.415889907182779,0.416173985898812
2020-02-14,37,50,"II_mult_noise",0.05,1410666,0.415906367061499,76.2057096397618,0.415905723827057,0.000133299145403062,0.415699487615357,0.415889907182779,0.416173985898812
2020-02-14,37,51,"II_mult_noise",0.05,1410666,0.415766278978855,76.539542536289,0.415905723827057,0.000133299145403062,0.415699487615357,0.415889907182779,0.416173985898812
2020-02-14,37,52,"II_mult_noise",0.05,1410666,0.41582680279716,76.4279039806195,0.415905723827057,0.000133299145403062,0.415699487615357,0.415889907182779,0.416173985898812
2020-02-14,37,53,"II_mult_noise",0.05,1410666,0.41586649984915,76.3434332394571,0.415905723827057,0.000133299145403062,0.415699487615357,0.415889907182779,0.416173985898812
2020-02-14,37,54,"II_mult_noise",0.05,1410666,0.415802807723001,76.3695897262417,0.415905723827057,0.000133299145403062,0.415699487615357,0.415889907182779,0.416173985898812
2020-02-14,37,55,"II_mult_noise",0.05,1410666,0.415787970072747,76.4777381097639,0.415905723827057,0.000133299145403062,0.415699487615357,0.415889907182779,0.416173985898812
2020-02-14,37,56,"II_mult_noise",0.05,1410666,0.415881072980336,76.3565388595388,0.415905723827057,0.000133299145403062,0.415699487615357,0.415889907182779,0.416173985898812
2020-02-14,37,57,"II_mult_noise",0.05,1410666,0.416086736292168,76.0622290505356,0.415905723827057,0.000133299145403062,0.415699487615357,0.415889907182779,0.416173985898812
2020-02-14,37,58,"II_mult_noise",0.05,1410666,0.415699410822934,76.6017372950351,0.415905723827057,0.000133299145403062,0.415699487615357,0.415889907182779,0.416173985898812
2020-02-14,37,59,"II_mult_noise",0.05,1410666,0.416061885313191,75.9700234096213,0.415905723827057,0.000133299145403062,0.415699487615357,0.415889907182779,0.416173985898812
2020-02-14,37,60,"II_mult_noise",0.05,1410666,0.415942189741797,76.2473069571744,0.415905723827057,0.000133299145403062,0.415699487615357,0.415889907182779,0.416173985898812
2020-02-14,37,61,"II_mult_noise",0.05,1410666,0.41577438505329,76.3928067384783,0.415905723827057,0.000133299145403062,0.415699487615357,0.415889907182779,0.416173985898812
2020-02-14,37,62,"II_mult_noise",0.05,1410666,0.415854967848029,76.3948990195431,0.415905723827057,0.000133299145403062,0.415699487615357,0.415889907182779,0.416173985898812
2020-02-14,37,63,"II_mult_noise",0.05,1410666,0.415890601669279,76.2112846745781,0.415905723827057,0.000133299145403062,0.415699487615357,0.415889907182779,0.416173985898812
2020-02-14,37,64,"II_mult_noise",0.05,1410666,0.415790160245809,76.3014885329087,0.415905723827057,0.000133299145403062,0.415699487615357,0.415889907182779,0.416173985898812
2020-02-14,37,65,"II_mult_noise",0.05,1410666,0.416112665690164,75.9726044661426,0.415905723827057,0.000133299145403062,0.415699487615357,0.415889907182779,0.416173985898812
2020-02-14,37,66,"II_mult_noise",0.05,1410666,0.415889212696279,76.2749115224581,0.415905723827057,0.000133299145403062,0.415699487615357,0.415889907182779,0.416173985898812
2020-02-14,37,67,"II_mult_noise",0.05,1410666,0.415758981442466,76.4564027518201,0.415905723827057,0.000133299145403062,0.415699487615357,0.415889907182779,0.416173985898812
2020-02-14,37,68,"II_mult_noise",0.05,1410666,0.416063574468396,76.0088046403714,0.415905723827057,0.000133299145403062,0.415699487615357,0.415889907182779,0.416173985898812
2020-02-14,37,69,"II_mult_noise",0.05,1410666,0.415777480624804,76.4486288372628,0.415905723827057,0.000133299145403062,0.415699487615357,0.415889907182779,0.416173985898812
2020-02-14,37,70,"II_mult_noise",0.05,1410666,0.416204346975863,75.8729304303854,0.415905723827057,0.000133299145403062,0.415699487615357,0.415889907182779,0.416173985898812
2020-02-14,37,71,"II_mult_noise",0.05,1410666,0.415829792619555,76.3196181673229,0.415905723827057,0.000133299145403062,0.415699487615357,0.415889907182779,0.416173985898812
2020-02-14,37,72,"II_mult_noise",0.05,1410666,0.41607201050342,76.0288016068782,0.415905723827057,0.000133299145403062,0.415699487615357,0.415889907182779,0.416173985898812
2020-02-14,37,73,"II_mult_noise",0.05,1410666,0.415975651581003,76.1180818412655,0.415905723827057,0.000133299145403062,0.415699487615357,0.415889907182779,0.416173985898812
2020-02-14,37,74,"II_mult_noise",0.05,1410666,0.415817146642709,76.4028472782311,0.415905723827057,0.000133299145403062,0.415699487615357,0.415889907182779,0.416173985898812
2020-02-14,37,75,"II_mult_noise",0.05,1410666,0.415951210202795,76.2989233973986,0.415905723827057,0.000133299145403062,0.415699487615357,0.415889907182779,0.416173985898812
2020-02-14,37,76,"II_mult_noise",0.05,1410666,0.415843601200362,76.3716001943749,0.415905723827057,0.000133299145403062,0.415699487615357,0.415889907182779,0.416173985898812
2020-02-14,37,77,"II_mult_noise",0.05,1410666,0.415845380924514,76.3156392557738,0.415905723827057,0.000133299145403062,0.415699487615357,0.415889907182779,0.416173985898812
2020-02-14,37,78,"II_mult_noise",0.05,1410666,0.415738854390898,76.5814912410251,0.415905723827057,0.000133299145403062,0.415699487615357,0.415889907182779,0.416173985898812
2020-02-14,37,79,"II_mult_noise",0.05,1410666,0.415798391748576,76.3003864209984,0.415905723827057,0.000133299145403062,0.415699487615357,0.415889907182779,0.416173985898812
2020-02-14,37,80,"II_mult_noise",0.05,1410666,0.415975772187045,76.020068661648,0.415905723827057,0.000133299145403062,0.415699487615357,0.415889907182779,0.416173985898812
2020-02-14,37,81,"II_mult_noise",0.05,1410666,0.415729958126133,76.5580498407594,0.415905723827057,0.000133299145403062,0.415699487615357,0.415889907182779,0.416173985898812
2020-02-14,37,82,"II_mult_noise",0.05,1410666,0.415665266352029,76.5984768770504,0.415905723827057,0.000133299145403062,0.415699487615357,0.415889907182779,0.416173985898812
2020-02-14,37,83,"II_mult_noise",0.05,1410666,0.415877364501877,76.2876354011752,0.415905723827057,0.000133299145403062,0.415699487615357,0.415889907182779,0.416173985898812
2020-02-14,37,84,"II_mult_noise",0.05,1410666,0.415965937649152,76.1356042686584,0.415905723827057,0.000133299145403062,0.415699487615357,0.415889907182779,0.416173985898812
2020-02-14,37,85,"II_mult_noise",0.05,1410666,0.415776712115704,76.4578865622744,0.415905723827057,0.000133299145403062,0.415699487615357,0.415889907182779,0.416173985898812
2020-02-14,37,86,"II_mult_noise",0.05,1410666,0.416036629359457,76.0338650400137,0.415905723827057,0.000133299145403062,0.415699487615357,0.415889907182779,0.416173985898812
2020-02-14,37,87,"II_mult_noise",0.05,1410666,0.415949448792821,76.1617976679613,0.415905723827057,0.000133299145403062,0.415699487615357,0.415889907182779,0.416173985898812
2020-02-14,37,88,"II_mult_noise",0.05,1410666,0.415749615350246,76.4880450427475,0.415905723827057,0.000133299145403062,0.415699487615357,0.415889907182779,0.416173985898812
2020-02-14,37,89,"II_mult_noise",0.05,1410666,0.4157285837253,76.47198894921,0.415905723827057,0.000133299145403062,0.415699487615357,0.415889907182779,0.416173985898812
2020-02-14,37,90,"II_mult_noise",0.05,1410666,0.416122556854197,75.9431720741578,0.415905723827057,0.000133299145403062,0.415699487615357,0.415889907182779,0.416173985898812
2020-02-14,37,91,"II_mult_noise",0.05,1410666,0.415858662712722,76.3180393279108,0.415905723827057,0.000133299145403062,0.415699487615357,0.415889907182779,0.416173985898812
2020-02-14,37,92,"II_mult_noise",0.05,1410666,0.415699572491193,76.4315061590374,0.415905723827057,0.000133299145403062,0.415699487615357,0.415889907182779,0.416173985898812
2020-02-14,37,93,"II_mult_noise",0.05,1410666,0.416180043565766,76.0074613935638,0.415905723827057,0.000133299145403062,0.415699487615357,0.415889907182779,0.416173985898812
2020-02-14,37,94,"II_mult_noise",0.05,1410666,0.415949787055468,76.1810147428347,0.415905723827057,0.000133299145403062,0.415699487615357,0.415889907182779,0.416173985898812
2020-02-14,37,95,"II_mult_noise",0.05,1410666,0.41603808208872,76.0639256676905,0.415905723827057,0.000133299145403062,0.415699487615357,0.415889907182779,0.416173985898812
2020-02-14,37,96,"II_mult_noise",0.05,1410666,0.415825291553993,76.3959562131818,0.415905723827057,0.000133299145403062,0.415699487615357,0.415889907182779,0.416173985898812
2020-02-14,37,97,"II_mult_noise",0.05,1410666,0.415991565251957,76.1173729285705,0.415905723827057,0.000133299145403062,0.415699487615357,0.415889907182779,0.416173985898812
2020-02-14,37,98,"II_mult_noise",0.05,1410666,0.415948027775397,76.1691205415708,0.415905723827057,0.000133299145403062,0.415699487615357,0.415889907182779,0.416173985898812
2020-02-14,37,99,"II_mult_noise",0.05,1410666,0.416182070318242,75.9067649026505,0.415905723827057,0.000133299145403062,0.415699487615357,0.415889907182779,0.416173985898812
2020-02-14,37,100,"II_mult_noise",0.05,1410666,0.415983805784342,76.1022354772276,0.415905723827057,0.000133299145403062,0.415699487615357,0.415889907182779,0.416173985898812
2020-02-14,37,1,"II_mult_noise",0.1,1410666,0.415862493284453,76.5631191293901,0.415686183384992,0.000306299415748578,0.415143871527347,0.415704921193377,0.416380818693303
2020-02-14,37,2,"II_mult_noise",0.1,1410666,0.415996397603797,75.9741389561576,0.415686183384992,0.000306299415748578,0.415143871527347,0.415704921193377,0.416380818693303
2020-02-14,37,3,"II_mult_noise",0.1,1410666,0.415836668236151,76.3239857260784,0.415686183384992,0.000306299415748578,0.415143871527347,0.415704921193377,0.416380818693303
2020-02-14,37,4,"II_mult_noise",0.1,1410666,0.415719949155709,76.4565031031496,0.415686183384992,0.000306299415748578,0.415143871527347,0.415704921193377,0.416380818693303
2020-02-14,37,5,"II_mult_noise",0.1,1410666,0.415925166747208,76.3533990870393,0.415686183384992,0.000306299415748578,0.415143871527347,0.415704921193377,0.416380818693303
2020-02-14,37,6,"II_mult_noise",0.1,1410666,0.415945183027664,76.4271756055002,0.415686183384992,0.000306299415748578,0.415143871527347,0.415704921193377,0.416380818693303
2020-02-14,37,7,"II_mult_noise",0.1,1410666,0.416058423816044,75.8797649542962,0.415686183384992,0.000306299415748578,0.415143871527347,0.415704921193377,0.416380818693303
2020-02-14,37,8,"II_mult_noise",0.1,1410666,0.415496622106954,76.8377823394095,0.415686183384992,0.000306299415748578,0.415143871527347,0.415704921193377,0.416380818693303
2020-02-14,37,9,"II_mult_noise",0.1,1410666,0.415718392432976,76.6624103914089,0.415686183384992,0.000306299415748578,0.415143871527347,0.415704921193377,0.416380818693303
2020-02-14,37,10,"II_mult_noise",0.1,1410666,0.415632448342387,76.580598205679,0.415686183384992,0.000306299415748578,0.415143871527347,0.415704921193377,0.416380818693303
2020-02-14,37,11,"II_mult_noise",0.1,1410666,0.415359343852273,77.0020157985552,0.415686183384992,0.000306299415748578,0.415143871527347,0.415704921193377,0.416380818693303
2020-02-14,37,12,"II_mult_noise",0.1,1410666,0.4157766835876,76.7175122244593,0.415686183384992,0.000306299415748578,0.415143871527347,0.415704921193377,0.416380818693303
2020-02-14,37,13,"II_mult_noise",0.1,1410666,0.415471694787004,76.5239871026025,0.415686183384992,0.000306299415748578,0.415143871527347,0.415704921193377,0.416380818693303
2020-02-14,37,14,"II_mult_noise",0.1,1410666,0.414805275131303,77.5649978302586,0.415686183384992,0.000306299415748578,0.415143871527347,0.415704921193377,0.416380818693303
2020-02-14,37,15,"II_mult_noise",0.1,1410666,0.415437255683455,76.8775483147581,0.415686183384992,0.000306299415748578,0.415143871527347,0.415704921193377,0.416380818693303
2020-02-14,37,16,"II_mult_noise",0.1,1410666,0.415790646388692,76.2281851694317,0.415686183384992,0.000306299415748578,0.415143871527347,0.415704921193377,0.416380818693303
2020-02-14,37,17,"II_mult_noise",0.1,1410666,0.415330642348373,77.0710709856874,0.415686183384992,0.000306299415748578,0.415143871527347,0.415704921193377,0.416380818693303
2020-02-14,37,18,"II_mult_noise",0.1,1410666,0.415813917067447,76.2496429584282,0.415686183384992,0.000306299415748578,0.415143871527347,0.415704921193377,0.416380818693303
2020-02-14,37,19,"II_mult_noise",0.1,1410666,0.415383601811082,77.0881889307584,0.415686183384992,0.000306299415748578,0.415143871527347,0.415704921193377,0.416380818693303
2020-02-14,37,20,"II_mult_noise",0.1,1410666,0.415763301883653,76.3387839749979,0.415686183384992,0.000306299415748578,0.415143871527347,0.415704921193377,0.416380818693303
2020-02-14,37,21,"II_mult_noise",0.1,1410666,0.415770132558528,76.3761960089572,0.415686183384992,0.000306299415748578,0.415143871527347,0.415704921193377,0.416380818693303
2020-02-14,37,22,"II_mult_noise",0.1,1410666,0.415936465160407,76.2676476314272,0.415686183384992,0.000306299415748578,0.415143871527347,0.415704921193377,0.416380818693303
2020-02-14,37,23,"II_mult_noise",0.1,1410666,0.416089491270076,75.9584847421768,0.415686183384992,0.000306299415748578,0.415143871527347,0.415704921193377,0.416380818693303
2020-02-14,37,24,"II_mult_noise",0.1,1410666,0.416432641914836,75.6493456796597,0.415686183384992,0.000306299415748578,0.415143871527347,0.415704921193377,0.416380818693303
2020-02-14,37,25,"II_mult_noise",0.1,1410666,0.415818544016177,76.3529061739013,0.415686183384992,0.000306299415748578,0.415143871527347,0.415704921193377,0.416380818693303
2020-02-14,37,26,"II_mult_noise",0.1,1410666,0.415712852445107,76.4137760423747,0.415686183384992,0.000306299415748578,0.415143871527347,0.415704921193377,0.416380818693303
2020-02-14,37,27,"II_mult_noise",0.1,1410666,0.416151087762213,76.0328028440167,0.415686183384992,0.000306299415748578,0.415143871527347,0.415704921193377,0.416380818693303
2020-02-14,37,28,"II_mult_noise",0.1,1410666,0.415464142090379,76.7260791879597,0.415686183384992,0.000306299415748578,0.415143871527347,0.415704921193377,0.416380818693303
2020-02-14,37,29,"II_mult_noise",0.1,1410666,0.416010647525239,75.9436159740541,0.415686183384992,0.000306299415748578,0.415143871527347,0.415704921193377,0.416380818693303
2020-02-14,37,30,"II_mult_noise",0.1,1410666,0.414988945186767,77.1928715363311,0.415686183384992,0.000306299415748578,0.415143871527347,0.415704921193377,0.416380818693303
2020-02-14,37,31,"II_mult_noise",0.1,1410666,0.415762525042615,76.3613185432593,0.415686183384992,0.000306299415748578,0.415143871527347,0.415704921193377,0.416380818693303
2020-02-14,37,32,"II_mult_noise",0.1,1410666,0.415842260729154,76.2220093609659,0.415686183384992,0.000306299415748578,0.415143871527347,0.415704921193377,0.416380818693303
2020-02-14,37,33,"II_mult_noise",0.1,1410666,0.415423821145531,76.5904944314911,0.415686183384992,0.000306299415748578,0.415143871527347,0.415704921193377,0.416380818693303
2020-02-14,37,34,"II_mult_noise",0.1,1410666,0.415129444518973,77.1230784972947,0.415686183384992,0.000306299415748578,0.415143871527347,0.415704921193377,0.416380818693303
2020-02-14,37,35,"II_mult_noise",0.1,1410666,0.415321872870399,76.9069647339067,0.415686183384992,0.000306299415748578,0.415143871527347,0.415704921193377,0.416380818693303
2020-02-14,37,36,"II_mult_noise",0.1,1410666,0.415243704870055,76.8738041296913,0.415686183384992,0.000306299415748578,0.415143871527347,0.415704921193377,0.416380818693303
2020-02-14,37,37,"II_mult_noise",0.1,1410666,0.415436873390512,76.9912034038126,0.415686183384992,0.000306299415748578,0.415143871527347,0.415704921193377,0.416380818693303
2020-02-14,37,38,"II_mult_noise",0.1,1410666,0.415492829232541,76.688930854053,0.415686183384992,0.000306299415748578,0.415143871527347,0.415704921193377,0.416380818693303
2020-02-14,37,39,"II_mult_noise",0.1,1410666,0.415540720076843,76.5952964036007,0.415686183384992,0.000306299415748578,0.415143871527347,0.415704921193377,0.416380818693303
2020-02-14,37,40,"II_mult_noise",0.1,1410666,0.415458838565579,76.6689324676646,0.415686183384992,0.000306299415748578,0.415143871527347,0.415704921193377,0.416380818693303
2020-02-14,37,41,"II_mult_noise",0.1,1410666,0.415805959740211,76.1246750281994,0.415686183384992,0.000306299415748578,0.415143871527347,0.415704921193377,0.416380818693303
2020-02-14,37,42,"II_mult_noise",0.1,1410666,0.415307515904938,77.1371739718361,0.415686183384992,0.000306299415748578,0.415143871527347,0.415704921193377,0.416380818693303
2020-02-14,37,43,"II_mult_noise",0.1,1410666,0.415358510647299,77.0519539971465,0.415686183384992,0.000306299415748578,0.415143871527347,0.415704921193377,0.416380818693303
2020-02-14,37,44,"II_mult_noise",0.1,1410666,0.415828333253122,76.3999172783409,0.415686183384992,0.000306299415748578,0.415143871527347,0.415704921193377,0.416380818693303
2020-02-14,37,45,"II_mult_noise",0.1,1410666,0.415866717425757,76.1662674176574,0.415686183384992,0.000306299415748578,0.415143871527347,0.415704921193377,0.416380818693303
2020-02-14,37,46,"II_mult_noise",0.1,1410666,0.415401128807873,76.9307208681505,0.415686183384992,0.000306299415748578,0.415143871527347,0.415704921193377,0.416380818693303
2020-02-14,37,47,"II_mult_noise",0.1,1410666,0.415159817168182,77.1773044772543,0.415686183384992,0.000306299415748578,0.415143871527347,0.415704921193377,0.416380818693303
2020-02-14,37,48,"II_mult_noise",0.1,1410666,0.415696989941647,76.5261433703484,0.415686183384992,0.000306299415748578,0.415143871527347,0.415704921193377,0.416380818693303
2020-02-14,37,49,"II_mult_noise",0.1,1410666,0.415532377456758,76.7339359869301,0.415686183384992,0.000306299415748578,0.415143871527347,0.415704921193377,0.416380818693303
2020-02-14,37,50,"II_mult_noise",0.1,1410666,0.416005207214244,76.2631874792548,0.415686183384992,0.000306299415748578,0.415143871527347,0.415704921193377,0.416380818693303
2020-02-14,37,51,"II_mult_noise",0.1,1410666,0.41550210431737,77.0417249728519,0.415686183384992,0.000306299415748578,0.415143871527347,0.415704921193377,0.416380818693303
2020-02-14,37,52,"II_mult_noise",0.1,1410666,0.415489327975797,76.8850206450583,0.415686183384992,0.000306299415748578,0.415143871527347,0.415704921193377,0.416380818693303
2020-02-14,37,53,"II_mult_noise",0.1,1410666,0.41635139150096,75.5376274554262,0.415686183384992,0.000306299415748578,0.415143871527347,0.415704921193377,0.416380818693303
2020-02-14,37,54,"II_mult_noise",0.1,1410666,0.415336316554389,77.1193012529874,0.415686183384992,0.000306299415748578,0.415143871527347,0.415704921193377,0.416380818693303
2020-02-14,37,55,"II_mult_noise",0.1,1410666,0.415634174060871,76.5064671251985,0.415686183384992,0.000306299415748578,0.415143871527347,0.415704921193377,0.416380818693303
2020-02-14,37,56,"II_mult_noise",0.1,1410666,0.416407443295899,75.7633560342547,0.415686183384992,0.000306299415748578,0.415143871527347,0.415704921193377,0.416380818693303
2020-02-14,37,57,"II_mult_noise",0.1,1410666,0.415505061663973,76.9470934945364,0.415686183384992,0.000306299415748578,0.415143871527347,0.415704921193377,0.416380818693303
2020-02-14,37,58,"II_mult_noise",0.1,1410666,0.415761732748352,76.457726961128,0.415686183384992,0.000306299415748578,0.415143871527347,0.415704921193377,0.416380818693303
2020-02-14,37,59,"II_mult_noise",0.1,1410666,0.415605438189325,76.8295769430344,0.415686183384992,0.000306299415748578,0.415143871527347,0.415704921193377,0.416380818693303
2020-02-14,37,60,"II_mult_noise",0.1,1410666,0.415694502187249,76.5543573084394,0.415686183384992,0.000306299415748578,0.415143871527347,0.415704921193377,0.416380818693303
2020-02-14,37,61,"II_mult_noise",0.1,1410666,0.415832084293379,76.2734274090114,0.415686183384992,0.000306299415748578,0.415143871527347,0.415704921193377,0.416380818693303
2020-02-14,37,62,"II_mult_noise",0.1,1410666,0.415392109885553,76.9549790103128,0.415686183384992,0.000306299415748578,0.415143871527347,0.415704921193377,0.416380818693303
2020-02-14,37,63,"II_mult_noise",0.1,1410666,0.415526354805188,76.6530158971098,0.415686183384992,0.000306299415748578,0.415143871527347,0.415704921193377,0.416380818693303
2020-02-14,37,64,"II_mult_noise",0.1,1410666,0.415740716905826,76.5380890738285,0.415686183384992,0.000306299415748578,0.415143871527347,0.415704921193377,0.416380818693303
2020-02-14,37,65,"II_mult_noise",0.1,1410666,0.415560395455516,76.8492894755066,0.415686183384992,0.000306299415748578,0.415143871527347,0.415704921193377,0.416380818693303
2020-02-14,37,66,"II_mult_noise",0.1,1410666,0.415662889533946,76.324475854427,0.415686183384992,0.000306299415748578,0.415143871527347,0.415704921193377,0.416380818693303
2020-02-14,37,67,"II_mult_noise",0.1,1410666,0.415456933945654,76.9210862879859,0.415686183384992,0.000306299415748578,0.415143871527347,0.415704921193377,0.416380818693303
2020-02-14,37,68,"II_mult_noise",0.1,1410666,0.415858891631187,76.3623053887501,0.415686183384992,0.000306299415748578,0.415143871527347,0.415704921193377,0.416380818693303
2020-02-14,37,69,"II_mult_noise",0.1,1410666,0.416248658874008,75.8889403373132,0.415686183384992,0.000306299415748578,0.415143871527347,0.415704921193377,0.416380818693303
2020-02-14,37,70,"II_mult_noise",0.1,1410666,0.416590957817885,75.4157129576159,0.415686183384992,0.000306299415748578,0.415143871527347,0.415704921193377,0.416380818693303
2020-02-14,37,71,"II_mult_noise",0.1,1410666,0.415848044729037,76.2300323222018,0.415686183384992,0.000306299415748578,0.415143871527347,0.415704921193377,0.416380818693303
2020-02-14,37,72,"II_mult_noise",0.1,1410666,0.415602233836465,76.710907829289,0.415686183384992,0.000306299415748578,0.415143871527347,0.415704921193377,0.416380818693303
2020-02-14,37,73,"II_mult_noise",0.1,1410666,0.41563558713692,76.7686457331906,0.415686183384992,0.000306299415748578,0.415143871527347,0.415704921193377,0.416380818693303
2020-02-14,37,74,"II_mult_noise",0.1,1410666,0.415746958798342,76.3209161618219,0.415686183384992,0.000306299415748578,0.415143871527347,0.415704921193377,0.416380818693303
2020-02-14,37,75,"II_mult_noise",0.1,1410666,0.415556199376346,76.5102879561462,0.415686183384992,0.000306299415748578,0.415143871527347,0.415704921193377,0.416380818693303
2020-02-14,37,76,"II_mult_noise",0.1,1410666,0.415898848459669,76.2447259524057,0.415686183384992,0.000306299415748578,0.415143871527347,0.415704921193377,0.416380818693303
2020-02-14,37,77,"II_mult_noise",0.1,1410666,0.415518808027316,76.6613663805524,0.415686183384992,0.000306299415748578,0.415143871527347,0.415704921193377,0.416380818693303
2020-02-14,37,78,"II_mult_noise",0.1,1410666,0.416033367495673,76.347974553841,0.415686183384992,0.000306299415748578,0.415143871527347,0.415704921193377,0.416380818693303
2020-02-14,37,79,"II_mult_noise",0.1,1410666,0.415436926251354,77.112693807306,0.415686183384992,0.000306299415748578,0.415143871527347,0.415704921193377,0.416380818693303
2020-02-14,37,80,"II_mult_noise",0.1,1410666,0.415561295321636,76.8135006552362,0.415686183384992,0.000306299415748578,0.415143871527347,0.415704921193377,0.416380818693303
2020-02-14,37,81,"II_mult_noise",0.1,1410666,0.415825972052493,76.3288666710153,0.415686183384992,0.000306299415748578,0.415143871527347,0.415704921193377,0.416380818693303
2020-02-14,37,82,"II_mult_noise",0.1,1410666,0.415478396623539,76.8945129564447,0.415686183384992,0.000306299415748578,0.415143871527347,0.415704921193377,0.416380818693303
2020-02-14,37,83,"II_mult_noise",0.1,1410666,0.415410283928576,76.8789473636271,0.415686183384992,0.000306299415748578,0.415143871527347,0.415704921193377,0.416380818693303
2020-02-14,37,84,"II_mult_noise",0.1,1410666,0.416010754870155,76.1691238456665,0.415686183384992,0.000306299415748578,0.415143871527347,0.415704921193377,0.416380818693303
2020-02-14,37,85,"II_mult_noise",0.1,1410666,0.415868878208009,76.1777574137504,0.415686183384992,0.000306299415748578,0.415143871527347,0.415704921193377,0.416380818693303
2020-02-14,37,86,"II_mult_noise",0.1,1410666,0.416073389048105,76.1058933621079,0.415686183384992,0.000306299415748578,0.415143871527347,0.415704921193377,0.416380818693303
2020-02-14,37,87,"II_mult_noise",0.1,1410666,0.415368351338379,76.8855728334789,0.415686183384992,0.000306299415748578,0.415143871527347,0.415704921193377,0.416380818693303
2020-02-14,37,88,"II_mult_noise",0.1,1410666,0.415674473374137,76.3954256206343,0.415686183384992,0.000306299415748578,0.415143871527347,0.415704921193377,0.416380818693303
2020-02-14,37,89,"II_mult_noise",0.1,1410666,0.415925909669851,76.0609442606171,0.415686183384992,0.000306299415748578,0.415143871527347,0.415704921193377,0.416380818693303
2020-02-14,37,90,"II_mult_noise",0.1,1410666,0.416081790800936,75.8678762795463,0.415686183384992,0.000306299415748578,0.415143871527347,0.415704921193377,0.416380818693303
2020-02-14,37,91,"II_mult_noise",0.1,1410666,0.41589366140554,76.274358030901,0.415686183384992,0.000306299415748578,0.415143871527347,0.415704921193377,0.416380818693303
2020-02-14,37,92,"II_mult_noise",0.1,1410666,0.415848577547248,76.2277349529552,0.415686183384992,0.000306299415748578,0.415143871527347,0.415704921193377,0.416380818693303
2020-02-14,37,93,"II_mult_noise",0.1,1410666,0.415614712940962,76.7331417842395,0.415686183384992,0.000306299415748578,0.415143871527347,0.415704921193377,0.416380818693303
2020-02-14,37,94,"II_mult_noise",0.1,1410666,0.415980888849914,76.278819923519,0.415686183384992,0.000306299415748578,0.415143871527347,0.415704921193377,0.416380818693303
2020-02-14,37,95,"II_mult_noise",0.1,1410666,0.415881035384882,76.5561678273531,0.415686183384992,0.000306299415748578,0.415143871527347,0.415704921193377,0.416380818693303
2020-02-14,37,96,"II_mult_noise",0.1,1410666,0.415380296066245,77.0770404066327,0.415686183384992,0.000306299415748578,0.415143871527347,0.415704921193377,0.416380818693303
2020-02-14,37,97,"II_mult_noise",0.1,1410666,0.415399009467541,76.9962375500971,0.415686183384992,0.000306299415748578,0.415143871527347,0.415704921193377,0.416380818693303
2020-02-14,37,98,"II_mult_noise",0.1,1410666,0.415782633651199,76.5517280583126,0.415686183384992,0.000306299415748578,0.415143871527347,0.415704921193377,0.416380818693303
2020-02-14,37,99,"II_mult_noise",0.1,1410666,0.415740323639593,76.5589704702991,0.415686183384992,0.000306299415748578,0.415143871527347,0.415704921193377,0.416380818693303
2020-02-14,37,100,"II_mult_noise",0.1,1410666,0.41526873933057,77.1380423964912,0.415686183384992,0.000306299415748578,0.415143871527347,0.415704921193377,0.416380818693303
