"msa","nblock","lag.max","lag","nozero","pop.adj","area.adj","pop","area"
"Atlanta",2597,32,1,16474,38884775,146378733685.216,5862424,22892397400.061
"Atlanta",2597,32,2,39778,93474337,338800308237.256,5862424,22892397400.061
"Atlanta",2597,32,3,68712,160209325,567322485295.057,5862424,22892397400.061
"Atlanta",2597,32,4,100466,233439124,818965142674.911,5862424,22892397400.061
"Atlanta",2597,32,5,134344,311130373,1072076709192.63,5862424,22892397400.061
"Atlanta",2597,32,6,169090,388921004,1317688447957.41,5862424,22892397400.061
"Atlanta",2597,32,7,202432,462845453,1558742096012.01,5862424,22892397400.061
"Atlanta",2597,32,8,234000,529966260,1777436547684.23,5862424,22892397400.061
"Atlanta",2597,32,9,263454,591381530,1979366265930.64,5862424,22892397400.061
"Atlanta",2597,32,10,289850,646110163,2180586956731.55,5862424,22892397400.061
"Atlanta",2597,32,11,313390,695894340,2373272040257.38,5862424,22892397400.061
"Atlanta",2597,32,12,332128,736318005,2541733876708.47,5862424,22892397400.061
"Atlanta",2597,32,13,348418,769705248,2711275617046.16,5862424,22892397400.061
"Atlanta",2597,32,14,360694,798077930,2869974544202.09,5862424,22892397400.061
"Atlanta",2597,32,15,368730,816688965,2992473079899.53,5862424,22892397400.061
"Atlanta",2597,32,16,370544,821636159,3095946913600.97,5862424,22892397400.061
"Atlanta",2597,32,17,368978,820614555,3170990853079.46,5862424,22892397400.061
"Atlanta",2597,32,18,361186,805042715,3171464071790.3,5862424,22892397400.061
"Atlanta",2597,32,19,349102,780673014,3156775634212.95,5862424,22892397400.061
"Atlanta",2597,32,20,332700,746684215,3115292627226.95,5862424,22892397400.061
"Atlanta",2597,32,21,313574,710021120,3023783074932.56,5862424,22892397400.061
"Atlanta",2597,32,22,288994,659724178,2876428201433.96,5862424,22892397400.061
"Atlanta",2597,32,23,260584,599804083,2692618653515.68,5862424,22892397400.061
"Atlanta",2597,32,24,229112,534452702,2469497803794.14,5862424,22892397400.061
"Atlanta",2597,32,25,195530,461813728,2195692586767.24,5862424,22892397400.061
"Atlanta",2597,32,26,159358,379417849,1884872009196.88,5862424,22892397400.061
"Atlanta",2597,32,27,124300,295683720,1532548430955.24,5862424,22892397400.061
"Atlanta",2597,32,28,83070,192996403,1030295513416.35,5862424,22892397400.061
"Atlanta",2597,32,29,43682,96539682,530743057297.041,5862424,22892397400.061
"Atlanta",2597,32,30,15672,33279100,192460414719.792,5862424,22892397400.061
"Atlanta",2597,32,31,3096,6624123,38800628583.27,5862424,22892397400.061
"Atlanta",2597,32,32,370,798526,4360324520.95835,5862424,22892397400.061
"Boston",3418,35,1,21370,30967878,123850893652.703,4832346,11664572507.828
"Boston",3418,35,2,55434,79102982,362719803744.083,4832346,11664572507.828
"Boston",3418,35,3,111594,155874894,695432588089.579,4832346,11664572507.828
"Boston",3418,35,4,191816,263671867,981726312721.802,4832346,11664572507.828
"Boston",3418,35,5,286114,391253214,1253423145610.98,4832346,11664572507.828
"Boston",3418,35,6,384748,526865389,1516533917939.37,4832346,11664572507.828
"Boston",3418,35,7,483472,663893788,1773110740677.46,4832346,11664572507.828
"Boston",3418,35,8,582020,799821699,1968285990177.89,4832346,11664572507.828
"Boston",3418,35,9,668464,919671356,2119568696276.47,4832346,11664572507.828
"Boston",3418,35,10,732554,1011713191,2279641355438.98,4832346,11664572507.828
"Boston",3418,35,11,783234,1087116876,2392590119118.36,4832346,11664572507.828
"Boston",3418,35,12,814642,1134199300,2450435105488.35,4832346,11664572507.828
"Boston",3418,35,13,818274,1145060956,2438188271379.85,4832346,11664572507.828
"Boston",3418,35,14,798672,1125589790,2370080040564.02,4832346,11664572507.828
"Boston",3418,35,15,762354,1080607215,2270661709170.18,4832346,11664572507.828
"Boston",3418,35,16,710740,1012128435,2204318195450.07,4832346,11664572507.828
"Boston",3418,35,17,656016,939583955,2120029312298.64,4832346,11664572507.828
"Boston",3418,35,18,600932,866167121,1990747856540.9,4832346,11664572507.828
"Boston",3418,35,19,537010,780979751,1805367642235.28,4832346,11664572507.828
"Boston",3418,35,20,456818,670886343,1589949325514.36,4832346,11664572507.828
"Boston",3418,35,21,368410,544517901,1331027461018.7,4832346,11664572507.828
"Boston",3418,35,22,281786,418601573,1080246108933.51,4832346,11664572507.828
"Boston",3418,35,23,203980,305112531,836837245262.379,4832346,11664572507.828
"Boston",3418,35,24,140294,211697525,618939572360.08,4832346,11664572507.828
"Boston",3418,35,25,91732,139561653,447349476443.592,4832346,11664572507.828
"Boston",3418,35,26,56470,86206692,313904124746.94,4832346,11664572507.828
"Boston",3418,35,27,34370,52424644,211163242854.027,4832346,11664572507.828
"Boston",3418,35,28,21370,32216159,135039551029.826,4832346,11664572507.828
"Boston",3418,35,29,13218,19563078,87565285341.2119,4832346,11664572507.828
"Boston",3418,35,30,7276,10749277,51323529149.8085,4832346,11664572507.828
"Boston",3418,35,31,2876,4355847,22901366833.7327,4832346,11664572507.828
"Boston",3418,35,32,940,1481797,10553387942.8982,4832346,11664572507.828
"Boston",3418,35,33,268,424056,3646156077.44556,4832346,11664572507.828
"Boston",3418,35,34,30,46498,545173135.90153,4832346,11664572507.828
"Boston",3418,35,35,8,11051,141556028.90754,4832346,11664572507.828
"Chicago",6590,38,1,43078,64561384,277116505134.694,9508605,24771693369.3088
"Chicago",6590,38,2,112328,168367673,1092471343240.01,9508605,24771693369.3088
"Chicago",6590,38,3,222292,331242768,2184099328760.65,9508605,24771693369.3088
"Chicago",6590,38,4,384902,566604842,2887785824819.56,9508605,24771693369.3088
"Chicago",6590,38,5,583540,846954779,3287899803450.01,9508605,24771693369.3088
"Chicago",6590,38,6,790316,1134267404,3667033397803.42,9508605,24771693369.3088
"Chicago",6590,38,7,987470,1407830494,4124801585752.48,9508605,24771693369.3088
"Chicago",6590,38,8,1172770,1669505484,4685544169107.29,9508605,24771693369.3088
"Chicago",6590,38,9,1351998,1925035325,5248894381174.84,9508605,24771693369.3088
"Chicago",6590,38,10,1529968,2182608566,5719309014781.81,9508605,24771693369.3088
"Chicago",6590,38,11,1696140,2421353772,6186884972302.58,9508605,24771693369.3088
"Chicago",6590,38,12,1850570,2645070776,6844409290757.5,9508605,24771693369.3088
"Chicago",6590,38,13,1983880,2835155263,7520135458720.8,9508605,24771693369.3088
"Chicago",6590,38,14,2115218,3021661243,8079082877988.09,9508605,24771693369.3088
"Chicago",6590,38,15,2252674,3213517517,8465225699725.58,9508605,24771693369.3088
"Chicago",6590,38,16,2376322,3388274713,8612067813989.86,9508605,24771693369.3088
"Chicago",6590,38,17,2460592,3515630057,8585732453830.43,9508605,24771693369.3088
"Chicago",6590,38,18,2489828,3575799227,8707295582277.68,9508605,24771693369.3088
"Chicago",6590,38,19,2487196,3591549909,8921054527460.48,9508605,24771693369.3088
"Chicago",6590,38,20,2465240,3581166259,9046492946282.5,9508605,24771693369.3088
"Chicago",6590,38,21,2408530,3512782159,8945046144161.84,9508605,24771693369.3088
"Chicago",6590,38,22,2288268,3355730078,8535397024952.58,9508605,24771693369.3088
"Chicago",6590,38,23,2117446,3121104556,7735572214654.17,9508605,24771693369.3088
"Chicago",6590,38,24,1890396,2782139104,6584233931250.36,9508605,24771693369.3088
"Chicago",6590,38,25,1604480,2347160460,5297851865937.85,9508605,24771693369.3088
"Chicago",6590,38,26,1283894,1862354028,3987913257328.96,9508605,24771693369.3088
"Chicago",6590,38,27,960634,1388679388,2962691582945.23,9508605,24771693369.3088
"Chicago",6590,38,28,658626,953358170,2102514113723.38,9508605,24771693369.3088
"Chicago",6590,38,29,412334,598670296,1377290385391.93,9508605,24771693369.3088
"Chicago",6590,38,30,231662,336103430,811293668610.31,9508605,24771693369.3088
"Chicago",6590,38,31,112256,163964298,435012624062.001,9508605,24771693369.3088
"Chicago",6590,38,32,53012,79173890,213528441683.624,9508605,24771693369.3088
"Chicago",6590,38,33,26176,39684351,74386639025.7682,9508605,24771693369.3088
"Chicago",6590,38,34,11748,17188135,12349008607.6539,9508605,24771693369.3088
"Chicago",6590,38,35,4384,6089706,1864774863.50898,9508605,24771693369.3088
"Chicago",6590,38,36,1186,1650178,363337288.736091,9508605,24771693369.3088
"Chicago",6590,38,37,150,202126,40364668.4082401,9508605,24771693369.3088
"Chicago",6590,38,38,6,6537,1253859.18137215,9508605,24771693369.3088
"Dallas",4128,33,1,26930,49691013,167002693807.215,7320663,23341134170.1196
"Dallas",4128,33,2,68746,127575637,419539432127.912,7320663,23341134170.1196
"Dallas",4128,33,3,128810,238081208,743921503824.916,7320663,23341134170.1196
"Dallas",4128,33,4,203690,373652560,1099022047849.31,7320663,23341134170.1196
"Dallas",4128,33,5,291080,528181740,1493364987929.71,7320663,23341134170.1196
"Dallas",4128,33,6,389962,701095393,1946797762623.92,7320663,23341134170.1196
"Dallas",4128,33,7,496458,884126285,2435248950902.22,7320663,23341134170.1196
"Dallas",4128,33,8,601546,1064420814,2959132874818.21,7320663,23341134170.1196
"Dallas",4128,33,9,702516,1236711777,3536704103413.18,7320663,23341134170.1196
"Dallas",4128,33,10,794684,1397154799,4093336850125.34,7320663,23341134170.1196
"Dallas",4128,33,11,877062,1544552302,4645864950981.21,7320663,23341134170.1196
"Dallas",4128,33,12,944360,1669254447,5164042761532.87,7320663,23341134170.1196
"Dallas",4128,33,13,997274,1766526433,5578702122263.82,7320663,23341134170.1196
"Dallas",4128,33,14,1036874,1838162914,5989800496044.47,7320663,23341134170.1196
"Dallas",4128,33,15,1062780,1890318614,6283257243634.59,7320663,23341134170.1196
"Dallas",4128,33,16,1064480,1902981326,6434770004353.88,7320663,23341134170.1196
"Dallas",4128,33,17,1048914,1883680552,6521779456357.6,7320663,23341134170.1196
"Dallas",4128,33,18,1017100,1833023672,6508366428059.39,7320663,23341134170.1196
"Dallas",4128,33,19,966960,1745933535,6337236830445.66,7320663,23341134170.1196
"Dallas",4128,33,20,895888,1615225671,5899717599473.71,7320663,23341134170.1196
"Dallas",4128,33,21,789840,1414706008,5026266493837.07,7320663,23341134170.1196
"Dallas",4128,33,22,652552,1155369793,3898346622241.9,7320663,23341134170.1196
"Dallas",4128,33,23,518616,908052388,2911332447182.18,7320663,23341134170.1196
"Dallas",4128,33,24,409774,710266639,2195755722826.91,7320663,23341134170.1196
"Dallas",4128,33,25,332222,568825594,1662341800044.16,7320663,23341134170.1196
"Dallas",4128,33,26,265568,447054670,1161573820524.14,7320663,23341134170.1196
"Dallas",4128,33,27,198348,326527953,690096105641.208,7320663,23341134170.1196
"Dallas",4128,33,28,132306,211648449,346196281417.408,7320663,23341134170.1196
"Dallas",4128,33,29,74310,113404111,131418623775.706,7320663,23341134170.1196
"Dallas",4128,33,30,32844,47386570,38120293289.2563,7320663,23341134170.1196
"Dallas",4128,33,31,10952,15084061,8078986372.59143,7320663,23341134170.1196
"Dallas",4128,33,32,2560,3386862,1596313794.48363,7320663,23341134170.1196
"Dallas",4128,33,33,250,312411,128108567.333619,7320663,23341134170.1196
"Houston",3021,28,1,19560,48334418,194884007833.881,6884138,24488333614.2581
"Houston",3021,28,2,50728,124979095,550654016802.99,6884138,24488333614.2581
"Houston",3021,28,3,95324,233348713,1056428187095.32,6884138,24488333614.2581
"Houston",3021,28,4,150762,367878789,1588677100058.23,6884138,24488333614.2581
"Houston",3021,28,5,215642,518800900,2089188946477.78,6884138,24488333614.2581
"Houston",3021,28,6,285688,674380039,2558711274989.06,6884138,24488333614.2581
"Houston",3021,28,7,353470,825111812,3059402204948.07,6884138,24488333614.2581
"Houston",3021,28,8,413328,959763851,3568428370048.96,6884138,24488333614.2581
"Houston",3021,28,9,465484,1075353927,4052595891631.15,6884138,24488333614.2581
"Houston",3021,28,10,511318,1173125086,4413620675310.33,6884138,24488333614.2581
"Houston",3021,28,11,551886,1257798256,4700471561853.17,6884138,24488333614.2581
"Houston",3021,28,12,583606,1327286907,4878273251365.8,6884138,24488333614.2581
"Houston",3021,28,13,605732,1376184232,5085013897345.53,6884138,24488333614.2581
"Houston",3021,28,14,621658,1404751602,5170931660110.27,6884138,24488333614.2581
"Houston",3021,28,15,628494,1418297865,5220964486450.05,6884138,24488333614.2581
"Houston",3021,28,16,624898,1414041915,5229473289202.96,6884138,24488333614.2581
"Houston",3021,28,17,609864,1392158295,5107943162822.25,6884138,24488333614.2581
"Houston",3021,28,18,583276,1334118817,4719618929389.35,6884138,24488333614.2581
"Houston",3021,28,19,535648,1215802843,3963422061557.96,6884138,24488333614.2581
"Houston",3021,28,20,458158,1020373730,2896248948778.13,6884138,24488333614.2581
"Houston",3021,28,21,343666,749199201,1842265654139.39,6884138,24488333614.2581
"Houston",3021,28,22,216872,464295754,1048516490983.91,6884138,24488333614.2581
"Houston",3021,28,23,115484,243319996,555829935238.986,6884138,24488333614.2581
"Houston",3021,28,24,52778,110540814,262371730015.657,6884138,24488333614.2581
"Houston",3021,28,25,21452,44136284,109034239312.647,6884138,24488333614.2581
"Houston",3021,28,26,6872,13434680,28191342043.0007,6884138,24488333614.2581
"Houston",3021,28,27,1592,2947098,3448303534.05133,6884138,24488333614.2581
"Houston",3021,28,28,180,331841,157895720.589324,6884138,24488333614.2581
"Los Angeles",8248,37,1,54090,89580042,131702016392.987,13249614,14764614485.075
"Los Angeles",8248,37,2,137528,226027104,444835734770.628,13249614,14764614485.075
"Los Angeles",8248,37,3,263398,428287266,971354457022.847,13249614,14764614485.075
"Los Angeles",8248,37,4,443430,712375070,1567786061930.68,13249614,14764614485.075
"Los Angeles",8248,37,5,684358,1092323933,2089176650026.41,13249614,14764614485.075
"Los Angeles",8248,37,6,972974,1548744339,2500692987132.76,13249614,14764614485.075
"Los Angeles",8248,37,7,1276290,2035735468,2886090226164.07,13249614,14764614485.075
"Los Angeles",8248,37,8,1571752,2513761680,3265102868622.23,13249614,14764614485.075
"Los Angeles",8248,37,9,1853450,2965068189,3484694319864.13,13249614,14764614485.075
"Los Angeles",8248,37,10,2108024,3376585945,3655516160537.35,13249614,14764614485.075
"Los Angeles",8248,37,11,2340924,3754199532,3798882160181.15,13249614,14764614485.075
"Los Angeles",8248,37,12,2554184,4098752723,3878410522685.07,13249614,14764614485.075
"Los Angeles",8248,37,13,2750264,4422414285,3972255519501.37,13249614,14764614485.075
"Los Angeles",8248,37,14,2934654,4727506655,4136908237080.59,13249614,14764614485.075
"Los Angeles",8248,37,15,3106520,5007572782,4324063407520.5,13249614,14764614485.075
"Los Angeles",8248,37,16,3244476,5221486768,4418855972503.72,13249614,14764614485.075
"Los Angeles",8248,37,17,3359310,5393487914,4414615100467.32,13249614,14764614485.075
"Los Angeles",8248,37,18,3469682,5561408882,4515595248130.98,13249614,14764614485.075
"Los Angeles",8248,37,19,3547588,5688721679,4744020973837.48,13249614,14764614485.075
"Los Angeles",8248,37,20,3599066,5778882850,5170763147330.47,13249614,14764614485.075
"Los Angeles",8248,37,21,3638352,5842391013,5559850071307.25,13249614,14764614485.075
"Los Angeles",8248,37,22,3631594,5833878292,5972253472039.43,13249614,14764614485.075
"Los Angeles",8248,37,23,3576542,5751729644,6222412448040.35,13249614,14764614485.075
"Los Angeles",8248,37,24,3450200,5556462294,6136104655296.82,13249614,14764614485.075
"Los Angeles",8248,37,25,3211808,5174268348,5771985016914.85,13249614,14764614485.075
"Los Angeles",8248,37,26,2847620,4585902866,5013905422322.08,13249614,14764614485.075
"Los Angeles",8248,37,27,2378162,3827773884,4016728060394.85,13249614,14764614485.075
"Los Angeles",8248,37,28,1835434,2952725304,2951584907324.9,13249614,14764614485.075
"Los Angeles",8248,37,29,1312436,2111704438,1904385028287.76,13249614,14764614485.075
"Los Angeles",8248,37,30,865480,1399202122,1075458196140.53,13249614,14764614485.075
"Los Angeles",8248,37,31,505652,822582570,522677998435.585,13249614,14764614485.075
"Los Angeles",8248,37,32,254660,417671798,209685068033.425,13249614,14764614485.075
"Los Angeles",8248,37,33,103110,170746793,61693327675.1038,13249614,14764614485.075
"Los Angeles",8248,37,34,31558,52693209,15154254659.435,13249614,14764614485.075
"Los Angeles",8248,37,35,6862,11576877,2853085084.16108,13249614,14764614485.075
"Los Angeles",8248,37,36,878,1465917,306239689.663611,13249614,14764614485.075
"Los Angeles",8248,37,37,32,46168,9149923.50582397,13249614,14764614485.075
"Miami",3420,22,1,22738,41868881,221610172473.888,6090660,15925187592.1994
"Miami",3420,22,2,58044,105819176,925748524721.083,6090660,15925187592.1994
"Miami",3420,22,3,114640,209638237,2030766478763.27,6090660,15925187592.1994
"Miami",3420,22,4,201920,370982318,3207584774629.96,6090660,15925187592.1994
"Miami",3420,22,5,324216,592308492,4474447526192.46,6090660,15925187592.1994
"Miami",3420,22,6,477944,869483070,5561304147374.1,6090660,15925187592.1994
"Miami",3420,22,7,663958,1212358524,6691977781844.65,6090660,15925187592.1994
"Miami",3420,22,8,875870,1596724604,7374089624230.12,6090660,15925187592.1994
"Miami",3420,22,9,1108392,2012667372,7326992259458.79,6090660,15925187592.1994
"Miami",3420,22,10,1325246,2385907779,5795677096059.8,6090660,15925187592.1994
"Miami",3420,22,11,1452616,2587257328,4232934946584.04,6090660,15925187592.1994
"Miami",3420,22,12,1421824,2508937813,2771085963121.67,6090660,15925187592.1994
"Miami",3420,22,13,1242150,2176045114,1660960919063.95,6090660,15925187592.1994
"Miami",3420,22,14,968646,1685727648,1021108696269.47,6090660,15925187592.1994
"Miami",3420,22,15,681638,1181507998,607483469468.712,6090660,15925187592.1994
"Miami",3420,22,16,419540,722438844,322872643288.756,6090660,15925187592.1994
"Miami",3420,22,17,212532,362175237,148365933848.575,6090660,15925187592.1994
"Miami",3420,22,18,85632,143989940,53535164323.9914,6090660,15925187592.1994
"Miami",3420,22,19,27712,45836138,15599458490.4902,6090660,15925187592.1994
"Miami",3420,22,20,6912,11067352,3656236455.46946,6090660,15925187592.1994
"Miami",3420,22,21,794,1202044,406853203.586612,6090660,15925187592.1994
"Miami",3420,22,22,16,22631,7707862.92746849,6090660,15925187592.1994
"New York",14376,52,1,93936,127789373,372891527649.962,19294236,23829044163.876
"New York",14376,52,2,251170,333280739,1112552105905.66,19294236,23829044163.876
"New York",14376,52,3,499808,652133184,1913408961339.6,19294236,23829044163.876
"New York",14376,52,4,851122,1101769657,2719691934004.75,19294236,23829044163.876
"New York",14376,52,5,1303116,1688160278,3792298412495.19,19294236,23829044163.876
"New York",14376,52,6,1854344,2406772797,5118751721991.22,19294236,23829044163.876
"New York",14376,52,7,2505572,3261220217,6290477591219.24,19294236,23829044163.876
"New York",14376,52,8,3223416,4210691755,7247401364940.28,19294236,23829044163.876
"New York",14376,52,9,3967532,5208170588,7963263841801.24,19294236,23829044163.876
"New York",14376,52,10,4714822,6209594372,8743951173862.98,19294236,23829044163.876
"New York",14376,52,11,5475220,7230410092,9430921790887.19,19294236,23829044163.876
"New York",14376,52,12,6214028,8237093438,10042345323066.6,19294236,23829044163.876
"New York",14376,52,13,6903814,9180006318,10945863174978.3,19294236,23829044163.876
"New York",14376,52,14,7560686,10068904099,11602096570385.2,19294236,23829044163.876
"New York",14376,52,15,8160310,10885181716,12136411954005.1,19294236,23829044163.876
"New York",14376,52,16,8661484,11577211758,12404547542829.1,19294236,23829044163.876
"New York",14376,52,17,9070006,12139608210,12710318778770.5,19294236,23829044163.876
"New York",14376,52,18,9405952,12597669384,13080395299217.2,19294236,23829044163.876
"New York",14376,52,19,9667060,12955182699,13477052290468,19294236,23829044163.876
"New York",14376,52,20,9892706,13263289580,13793417339290.8,19294236,23829044163.876
"New York",14376,52,21,10069330,13515817549,14014082148976.6,19294236,23829044163.876
"New York",14376,52,22,10184970,13691949589,14044860277774.6,19294236,23829044163.876
"New York",14376,52,23,10210652,13750856635,14029363355787.2,19294236,23829044163.876
"New York",14376,52,24,10060914,13574406650,13458811531493.5,19294236,23829044163.876
"New York",14376,52,25,9648278,13050024044,12823350746364.9,19294236,23829044163.876
"New York",14376,52,26,8954680,12147769500,12328689384256.3,19294236,23829044163.876
"New York",14376,52,27,8092362,11006849499,11860230009627.1,19294236,23829044163.876
"New York",14376,52,28,7194194,9797757425,11285627434409.9,19294236,23829044163.876
"New York",14376,52,29,6306682,8595986861,10456562783812.4,19294236,23829044163.876
"New York",14376,52,30,5439748,7427579694,9595718831304.62,19294236,23829044163.876
"New York",14376,52,31,4579370,6255314072,8502073001526.8,19294236,23829044163.876
"New York",14376,52,32,3752448,5125458141,7413929263072,19294236,23829044163.876
"New York",14376,52,33,3013544,4112774391,6438113943499.99,19294236,23829044163.876
"New York",14376,52,34,2389674,3252820724,5614996668262.68,19294236,23829044163.876
"New York",14376,52,35,1879692,2553322298,4904852423386.62,19294236,23829044163.876
"New York",14376,52,36,1457836,1974578509,4264093227678.2,19294236,23829044163.876
"New York",14376,52,37,1090842,1472346597,3634033554569.35,19294236,23829044163.876
"New York",14376,52,38,768310,1030881416,2969315983607.43,19294236,23829044163.876
"New York",14376,52,39,501750,668956263,2390185375043.44,19294236,23829044163.876
"New York",14376,52,40,305676,404576977,1905390414708.61,19294236,23829044163.876
"New York",14376,52,41,180498,236383037,1531254382154.32,19294236,23829044163.876
"New York",14376,52,42,109890,141518811,1230133451242.56,19294236,23829044163.876
"New York",14376,52,43,70484,89385115,971097849264.156,19294236,23829044163.876
"New York",14376,52,44,46390,57904609,742643178122.724,19294236,23829044163.876
"New York",14376,52,45,30620,37617621,527209106006.679,19294236,23829044163.876
"New York",14376,52,46,19446,23558349,339963346698.448,19294236,23829044163.876
"New York",14376,52,47,11052,13187449,195361559094.301,19294236,23829044163.876
"New York",14376,52,48,5678,6602886,101506650024.169,19294236,23829044163.876
"New York",14376,52,49,2570,2926332,47876425459.4487,19294236,23829044163.876
"New York",14376,52,50,1016,1096619,17803804881.2067,19294236,23829044163.876
"New York",14376,52,51,288,281627,5005410213.62507,19294236,23829044163.876
"New York",14376,52,52,12,12957,315634285.203772,19294236,23829044163.876
"Philadelphia",4306,36,1,27284,39678855,91348810753.8536,6079130,12601192108.2928
"Philadelphia",4306,36,2,71514,103964141,243146905598.732,6079130,12601192108.2928
"Philadelphia",4306,36,3,135140,194492593,438985604779.794,6079130,12601192108.2928
"Philadelphia",4306,36,4,215234,307507984,647759045716.189,6079130,12601192108.2928
"Philadelphia",4306,36,5,307576,433253308,871963239620.461,6079130,12601192108.2928
"Philadelphia",4306,36,6,412188,574146631,1120788906194.7,6079130,12601192108.2928
"Philadelphia",4306,36,7,522456,721858532,1366391520679.69,6079130,12601192108.2928
"Philadelphia",4306,36,8,638300,876583386,1596934937753.4,6079130,12601192108.2928
"Philadelphia",4306,36,9,755568,1032631510,1823124580130.35,6079130,12601192108.2928
"Philadelphia",4306,36,10,868458,1183095457,2040851822117.99,6079130,12601192108.2928
"Philadelphia",4306,36,11,971024,1320064261,2254866305000.72,6079130,12601192108.2928
"Philadelphia",4306,36,12,1062988,1447539733,2486354242224.7,6079130,12601192108.2928
"Philadelphia",4306,36,13,1145770,1564387223,2724165893802.55,6079130,12601192108.2928
"Philadelphia",4306,36,14,1202292,1647654924,2930268839623.13,6079130,12601192108.2928
"Philadelphia",4306,36,15,1232762,1700384038,3095962611883.56,6079130,12601192108.2928
"Philadelphia",4306,36,16,1227450,1702623356,3232224286060.86,6079130,12601192108.2928
"Philadelphia",4306,36,17,1194296,1673563674,3324462215545.34,6079130,12601192108.2928
"Philadelphia",4306,36,18,1130576,1601805821,3342098790621.89,6079130,12601192108.2928
"Philadelphia",4306,36,19,1044468,1497597897,3281409319397.01,6079130,12601192108.2928
"Philadelphia",4306,36,20,938570,1362057292,3102175731621.08,6079130,12601192108.2928
"Philadelphia",4306,36,21,808124,1187137362,2838107847139.88,6079130,12601192108.2928
"Philadelphia",4306,36,22,678938,1008992883,2554264242247.75,6079130,12601192108.2928
"Philadelphia",4306,36,23,553858,832153617,2231260520263.48,6079130,12601192108.2928
"Philadelphia",4306,36,24,436612,663825438,1871518525831.95,6079130,12601192108.2928
"Philadelphia",4306,36,25,329582,507961828,1512220745165.24,6079130,12601192108.2928
"Philadelphia",4306,36,26,236994,369835228,1174707909507.56,6079130,12601192108.2928
"Philadelphia",4306,36,27,162654,256678809,856342773563.505,6079130,12601192108.2928
"Philadelphia",4306,36,28,104854,166595058,564680899832.745,6079130,12601192108.2928
"Philadelphia",4306,36,29,64022,101818569,351147466257.535,6079130,12601192108.2928
"Philadelphia",4306,36,30,34218,54154102,175595082585.239,6079130,12601192108.2928
"Philadelphia",4306,36,31,15416,24358869,70593332570.572,6079130,12601192108.2928
"Philadelphia",4306,36,32,5982,9142459,24748726672.4851,6079130,12601192108.2928
"Philadelphia",4306,36,33,1782,2582561,6646453080.98637,6079130,12601192108.2928
"Philadelphia",4306,36,34,330,460289,978615246.535799,6079130,12601192108.2928
"Philadelphia",4306,36,35,46,61417,34286618.7172861,6079130,12601192108.2928
"Philadelphia",4306,36,36,4,5545,990490.503962755,6079130,12601192108.2928
"San Francisco",2903,21,1,18534,31190231,106352454370.443,4701332,8868771896.82383
"San Francisco",2903,21,2,50150,84122089,489562666072.204,4701332,8868771896.82383
"San Francisco",2903,21,3,113346,191699604,1232496516296.54,4701332,8868771896.82383
"San Francisco",2903,21,4,246338,419810495,2071549354711.33,4701332,8868771896.82383
"San Francisco",2903,21,5,480092,804025521,2695999111988.35,4701332,8868771896.82383
"San Francisco",2903,21,6,755636,1238502041,3033280224627.04,4701332,8868771896.82383
"San Francisco",2903,21,7,968348,1567569514,3121053524613.12,4701332,8868771896.82383
"San Francisco",2903,21,8,1083178,1749283052,3022021500654.79,4701332,8868771896.82383
"San Francisco",2903,21,9,1096956,1769727155,2732109682742.66,4701332,8868771896.82383
"San Francisco",2903,21,10,1014542,1639201450,2283444145765.9,4701332,8868771896.82383
"San Francisco",2903,21,11,851986,1378854542,1747925578674.32,4701332,8868771896.82383
"San Francisco",2903,21,12,655036,1056205952,1182558182753,4701332,8868771896.82383
"San Francisco",2903,21,13,470476,751417469,694968140463.709,4701332,8868771896.82383
"San Francisco",2903,21,14,308810,486481827,356893323003.595,4701332,8868771896.82383
"San Francisco",2903,21,15,174992,272638825,154950229181.504,4701332,8868771896.82383
"San Francisco",2903,21,16,83298,127768043,58414119005.7274,4701332,8868771896.82383
"San Francisco",2903,21,17,33506,50503716,19263869715.7725,4701332,8868771896.82383
"San Francisco",2903,21,18,10600,15542587,5254051840.13469,4701332,8868771896.82383
"San Francisco",2903,21,19,2548,3583356,1241618792.15503,4701332,8868771896.82383
"San Francisco",2903,21,20,326,431125,138932542.137846,4701332,8868771896.82383
"San Francisco",2903,21,21,4,5538,591259.166545038,4701332,8868771896.82383
"Seattle",2483,22,1,15754,24976710,128317859013.516,3871323,16293293394.1709
"Seattle",2483,22,2,42012,65787136,382600025221.783,3871323,16293293394.1709
"Seattle",2483,22,3,88288,135508734,733444564334.982,3871323,16293293394.1709
"Seattle",2483,22,4,157924,239693760,1148261633375.11,3871323,16293293394.1709
"Seattle",2483,22,5,244752,371641738,1658804583379.95,3871323,16293293394.1709
"Seattle",2483,22,6,337844,514950812,2272081961616.89,3871323,16293293394.1709
"Seattle",2483,22,7,426916,653324302,2915704686332.63,3871323,16293293394.1709
"Seattle",2483,22,8,503078,772470922,3664991571513.68,3871323,16293293394.1709
"Seattle",2483,22,9,563566,869257388,4336512802256.79,3871323,16293293394.1709
"Seattle",2483,22,10,611216,948734194,4826982576179.21,3871323,16293293394.1709
"Seattle",2483,22,11,642868,1005704556,4866473914727.01,3871323,16293293394.1709
"Seattle",2483,22,12,643620,1014981599,4412153165487.59,3871323,16293293394.1709
"Seattle",2483,22,13,586368,929031485,3479996742019.09,3871323,16293293394.1709
"Seattle",2483,22,14,468920,746927660,2381553318007.97,3871323,16293293394.1709
"Seattle",2483,22,15,335492,535510606,1498695266297.61,3871323,16293293394.1709
"Seattle",2483,22,16,224706,356320823,881402838621.716,3871323,16293293394.1709
"Seattle",2483,22,17,139646,219222813,485653627390.282,3871323,16293293394.1709
"Seattle",2483,22,18,78414,123396213,244420544459.979,3871323,16293293394.1709
"Seattle",2483,22,19,36860,58325265,96089497296.2492,3871323,16293293394.1709
"Seattle",2483,22,20,12062,19072660,23268918252.4063,3871323,16293293394.1709
"Seattle",2483,22,21,2308,3511013,2397696518.544,3871323,16293293394.1709
"Seattle",2483,22,22,192,273297,146412029.148377,3871323,16293293394.1709
"Washington, D.C.",3577,33,1,22686,40620358,134425011051.466,6196585,18121616498.0288
"Washington, D.C.",3577,33,2,58262,103165955,352795848586.538,6196585,18121616498.0288
"Washington, D.C.",3577,33,3,108216,191394380,635108583487.47,6196585,18121616498.0288
"Washington, D.C.",3577,33,4,170824,301900295,950193981347.444,6196585,18121616498.0288
"Washington, D.C.",3577,33,5,241728,427382284,1280709442903.81,6196585,18121616498.0288
"Washington, D.C.",3577,33,6,317332,559354986,1628851072186.06,6196585,18121616498.0288
"Washington, D.C.",3577,33,7,396464,696842316,2003336538836.34,6196585,18121616498.0288
"Washington, D.C.",3577,33,8,474874,831905754,2393154734055.43,6196585,18121616498.0288
"Washington, D.C.",3577,33,9,549470,958795083,2805924506224.95,6196585,18121616498.0288
"Washington, D.C.",3577,33,10,617306,1074914587,3184502660801.2,6196585,18121616498.0288
"Washington, D.C.",3577,33,11,680958,1182393165,3545244597478.24,6196585,18121616498.0288
"Washington, D.C.",3577,33,12,739060,1280288589,3844411599253.97,6196585,18121616498.0288
"Washington, D.C.",3577,33,13,787432,1361846530,4027447015955.14,6196585,18121616498.0288
"Washington, D.C.",3577,33,14,827570,1428782867,4171579556955.92,6196585,18121616498.0288
"Washington, D.C.",3577,33,15,856756,1477351508,4265073691476.28,6196585,18121616498.0288
"Washington, D.C.",3577,33,16,870826,1499482506,4335708630004.11,6196585,18121616498.0288
"Washington, D.C.",3577,33,17,862396,1482618634,4276131944975.95,6196585,18121616498.0288
"Washington, D.C.",3577,33,18,819700,1409151334,4046803110164.71,6196585,18121616498.0288
"Washington, D.C.",3577,33,19,749318,1289664021,3728885307008.95,6196585,18121616498.0288
"Washington, D.C.",3577,33,20,660860,1139181478,3302846427889.79,6196585,18121616498.0288
"Washington, D.C.",3577,33,21,564208,973258365,2857089568903.02,6196585,18121616498.0288
"Washington, D.C.",3577,33,22,459636,794539300,2321644612868.77,6196585,18121616498.0288
"Washington, D.C.",3577,33,23,352150,610174355,1757891190107.99,6196585,18121616498.0288
"Washington, D.C.",3577,33,24,253056,439661085,1233904936224.77,6196585,18121616498.0288
"Washington, D.C.",3577,33,25,167996,291677718,787585454419.757,6196585,18121616498.0288
"Washington, D.C.",3577,33,26,99884,172779477,464612316654.601,6196585,18121616498.0288
"Washington, D.C.",3577,33,27,48704,83491218,253258864186.07,6196585,18121616498.0288
"Washington, D.C.",3577,33,28,20754,34926854,122823976794.055,6196585,18121616498.0288
"Washington, D.C.",3577,33,29,8858,14825868,57795987341.555,6196585,18121616498.0288
"Washington, D.C.",3577,33,30,3168,5273855,23941517244.664,6196585,18121616498.0288
"Washington, D.C.",3577,33,31,766,1150429,8026305910.14727,6196585,18121616498.0288
"Washington, D.C.",3577,33,32,110,156282,1084627183.64782,6196585,18121616498.0288
"Washington, D.C.",3577,33,33,24,36524,106978468.112052,6196585,18121616498.0288
